route,rotation,TEU
1,"77, 81, 229",24110
2,"81, 122, 181, 229",38270
3,"77, 81, 122, 181, 218",53200
4,"81, 223",24500
5,"81, 223, 229",18648
6,"77, 181",21240
7,"77, 81, 229",16185
8,"81, 181, 218",29112
9,"36, 81, 175, 181, 185, 259",49350
10,"77, 81, 181, 229",41565
11,"77, 81, 181, 218",38052
12,"77, 81, 181",21250
13,"81, 190, 223",10444
14,"81, 190, 229",19075
15,"81, 181, 190",14296
16,"77, 229, 241",48363
17,"218, 241",49560
18,"172, 187, 229",29750
19,"36, 69, 103, 175, 259",91060
20,"13, 218",41153
21,"13, 29, 36, 69, 175",52426
22,"134, 229",9900
23,"13, 262",18150
24,"91, 231",2934
25,"189, 220",1036
26,"57, 91",2074
27,"152, 171, 213",2100
28,"115, 126, 228",3180
29,"30, 191, 209, 250",2032
30,"14, 191",724
31,"69, 191, 250",508
32,"30, 36, 175, 191, 250",700
33,"14, 36",724
34,"30, 36, 175",2000
35,"69, 175",41184
36,"30, 36",25248
37,"36, 186",83676
38,"36, 185, 186",69228
39,"175, 191",60252
40,"69, 191",51642
41,"30, 185",55446
42,"69, 191",37308
43,"36, 175",41150
44,"36, 63, 113, 191",59622
45,"30, 36, 175, 191",24680
46,"30, 185, 191",57904
47,"30, 185",39000
48,"63, 185",33640
49,"69, 191",54240
50,"63, 229",60030
51,"30, 36, 191, 250",25512
52,"30, 36",45353
53,"14, 175",78942
54,"30, 77, 191, 229",70301
55,"30, 175, 185, 191",31050
56,"36, 63, 191",13440
57,"185, 191",42426
58,"175, 191",59784
59,"11, 185, 191, 194, 243, 250",100716
60,"29, 30, 191",38550
61,"30, 77, 191",47425
62,"29, 30, 191, 259",29376
63,"129, 191, 229",33275
64,"77, 191, 229",14000
65,"77, 129, 229",101750
66,"30, 77, 191",48540
67,"191, 218",95205
68,"30, 191, 229",117348
69,"29, 36, 77, 191, 229, 259",84680
70,"29, 30, 77, 191",85090
71,"29, 191, 229, 259",146399
72,"77, 229",67848
73,"122, 129",85000
74,"30, 81, 122, 191",67240
75,"30, 191",90120
76,"122, 191",85000
77,"81, 122, 129, 181",106073
78,"30, 81, 172",206569
79,"14, 81, 122, 172",188595
80,"116, 181, 191",223248
81,"14, 30, 81, 181, 235",218232
82,"122, 186",172722
83,"63, 176",214500
84,"181, 235",149996
85,"30, 181",139832
86,"81, 181",188604
87,"81, 191",149941
88,"63, 81, 235",138840
89,"129, 191",39696
90,"14, 30, 191",91940
91,"30, 172, 191",224292
92,"30, 172, 235",140000
93,"14, 30, 191, 235",153868
94,"76, 172, 191, 235",79317
95,"30, 134, 172, 186, 187, 235",139590
96,"191, 232, 235, 252",142076
97,"30, 191, 232",142910
98,"30, 172, 191",121070
99,"191, 235",127985
100,"30, 116, 181, 191",68144
101,"81, 232",63450
102,"153, 232, 235",77040
103,"81, 153, 235",125610
104,"81, 113, 122, 129, 235",137430
105,"113, 129, 141, 232, 235",107400
106,"129, 235",192000
107,"81, 122, 172",10000
108,"81, 116, 122, 153, 181, 196",57631
109,"129, 141, 172",67728
110,"134, 187",77640
111,"196, 235",53840
112,"141, 172, 232, 235",54614
113,"172, 196, 232, 235",95256
114,"14, 30, 191",70312
115,"30, 113, 191",38171
116,"14, 113",14000
117,"30, 191",38442
118,"30, 191",23030
119,"30, 153",31680
120,"63, 113, 153",51276
121,"87, 113, 250",21250
122,"14, 30, 151",21420
123,"30, 191",33300
124,"30, 191",24860
125,"63, 129, 196, 235",33126
126,"14, 129, 196",21025
127,"14, 30, 191, 235",33102
128,"186, 196, 235",6984
129,"14, 30, 196, 235",13041
130,"196, 235",61005
131,"196, 235",53640
132,"129, 258",1118
133,"159, 188",17682
134,"188, 222",9228
135,"159, 188",1600
136,"196, 235",825
137,"77, 153, 187",650
138,"77, 153, 229, 232, 235",1800
139,"77, 113, 129, 153, 196, 229",3600
140,"43, 81, 262",370
141,"43, 81, 126, 181",1015
142,"134, 136, 146, 196, 235",3464
143,"14, 136, 146",6600
144,"30, 129, 153",5652
145,"64, 124",3400
146,"63, 146",1700
147,"14, 30, 136, 146",5600
148,"14, 136, 146, 211",2564
149,"64, 124, 238",15000
150,"196, 235",5400
151,"43, 149",1100
152,"136, 146",1504
153,"129, 136, 146, 151",2400
154,"129, 136, 202, 258",1600
155,"129, 136, 146, 153",15200
156,"129, 136, 153",2500
157,"64, 129",1600
158,"64, 129",3300
159,"136, 146, 196",3500
160,"136, 258",2800
161,"123, 163",290
162,"43, 77, 229",3300
163,"43, 218",8200
164,"43, 124",1000
165,"10, 64, 123, 202",330
166,"10, 64",5500
167,"136, 238",700
168,"124, 136, 146",1100
169,"43, 166",4760
170,"34, 132, 228",780
171,"98, 149",1100
172,"81, 116, 181",1600
173,"115, 126, 224",3594
174,"149, 224",1700
175,"81, 126, 149, 181",1732
176,"81, 90, 126, 181",4814
177,"81, 149, 224",2152
178,"81, 98, 149, 181",4200
179,"81, 98, 181, 224",1700
180,"81, 149",2000
181,"149, 224",71522
182,"81, 98, 149",63080
183,"98, 149, 197",11400
184,"34, 126, 132, 228",70008
185,"149, 197",11600
186,"81, 90, 122, 126, 149, 181",20680
187,"126, 135, 224",18200
188,"81, 90, 116, 181, 224",34744
189,"81, 126, 224",21728
190,"93, 126, 263",700
191,"115, 126",13720
192,"34, 126, 228",14156
193,"134, 187, 224",19602
194,"126, 224, 262",6000
195,"126, 263",14795
196,"126, 164",8800
197,"126, 263",7050
198,"125, 190",3000
199,"81, 90, 224",1100
200,"74, 224",1100
201,"81, 181, 224, 262",600
202,"74, 240",1000
203,"172, 224, 234",600
204,"14, 98",9072
205,"14, 30, 43, 64, 191",5700
206,"14, 149",700
207,"14, 129",360
208,"14, 30, 191",600
209,"14, 30, 149",600
210,"14, 30, 43",650
211,"14, 149",15228
212,"43, 99",19922
213,"115, 126",7000
214,"56, 98, 139, 149",22184
215,"34, 228",34200
216,"166, 257",21539
217,"71, 81, 181",30240
218,"81, 116, 181",5600
219,"29, 217",3800
220,"77, 81, 122",4380
221,"81, 89",704
222,"71, 89, 206",3000
223,"77, 81, 218, 254",13746
224,"46, 154, 181",1100
225,"31, 81",5950
226,"89, 197",15250
227,"29, 103, 197, 241",26000
228,"59, 89, 206",3096
229,"29, 31, 71",5580
230,"46, 154, 255",1892
231,"29, 203, 255",1730
232,"29, 31, 89",950
233,"29, 71, 223, 229",996
234,"29, 223",10000
235,"31, 46, 89, 154, 208, 255",800
236,"203, 206, 219",700
237,"29, 99, 218",907
238,"203, 219",700
239,"31, 89, 203",1978
240,"71, 89",1000
241,"29, 206",9244
242,"71, 203",2100
243,"29, 219",2550
244,"44, 89",55783
245,"17, 24, 58",93588
246,"203, 206",21000
247,"29, 89, 223",47736
248,"46, 89, 203",97383
249,"89, 193, 203",51660
250,"29, 71, 218",600
251,"206, 219",3000
252,"44, 46, 145, 154",5000
253,"46, 154, 255",600
254,"154, 255",900
255,"71, 223",1000
256,"29, 203",3000
257,"29, 71",2700
258,"71, 260",580
259,"29, 219",15804
260,"71, 218",16218
261,"42, 181",2195
262,"81, 99, 181, 251, 266",1216
263,"81, 181, 251",2200
264,"251, 266",8400
265,"99, 126",9000
266,"29, 81, 94, 181, 204, 245",2700
267,"29, 81, 90, 259",2236
268,"29, 94, 259",19385
269,"81, 94, 204, 245, 259",12615
270,"81, 223",3400
271,"29, 94, 245",1940
272,"77, 223, 229, 251, 266",1948
273,"99, 218, 251, 266",974
274,"77, 99, 229, 251, 266",704
275,"245, 259",5124
276,"6, 94, 133, 245, 259",6768
277,"48, 259",270
278,"245, 259",140
279,"251, 266",1000
280,"99, 251, 266",1100
281,"133, 143, 245, 266",2200
282,"143, 251",3345
283,"117, 251",860
284,"51, 104, 173",7364
285,"6, 245",1800
286,"6, 245",2500
287,"77, 94, 133, 245",128
288,"6, 204, 218, 245",466
289,"29, 245",650
290,"36, 48, 94",4044
291,"94, 173, 191, 245, 259",3472
292,"173, 191, 204, 245",974
293,"191, 204, 245",974
294,"30, 94, 191, 250, 259",974
295,"94, 245",1114
296,"94, 191, 245",7458
297,"30, 94, 191, 259",900
298,"94, 133, 191, 204, 245, 250, 259",3588
299,"14, 94, 133, 245, 250, 259",320
300,"99, 191, 251, 266",3600
301,"99, 251, 266",1946
302,"30, 191, 251",350
303,"38, 64, 81, 181, 241",390
304,"38, 64, 172, 181, 232",500
305,"16, 29, 116, 177, 181, 223",500
306,"191, 250",1290
307,"14, 250",3790
308,"30, 191, 250",2871
309,"30, 191, 250",500
310,"16, 27, 167, 177",672
311,"16, 167, 178",4034
312,"38, 63",982
313,"30, 38, 63, 191, 250",982
314,"16, 178",5288
315,"27, 167",862
316,"174, 207",360
317,"16, 167, 191",510
318,"14, 30, 198, 207",430
319,"16, 177, 191, 198, 207, 250",644
320,"55, 207",5038
321,"55, 95, 102, 177, 201",1266
322,"38, 63, 176, 207",366
323,"102, 112",10410
324,"16, 27, 38, 167, 176, 178, 230",1700
325,"36, 69, 95",2500
326,"36, 175",966
327,"16, 27, 29, 77, 223, 259",6870
328,"36, 175",1100
329,"167, 178",4734
330,"176, 207, 246",1118
331,"55, 176, 198",12018
332,"174, 198",80775
333,"95, 142, 177",84000
334,"65, 97",70984
335,"30, 79, 84, 95, 142, 177, 191, 250",7000
336,"176, 207",91026
337,"38, 102",20096
338,"198, 207",32000
339,"95, 177",91098
340,"95, 177",29722
341,"95, 198, 226",28107
342,"21, 79, 84, 95, 105",3325
343,"79, 95, 198",39928
344,"95, 198",40222
345,"79, 84, 95, 177, 191, 198, 250",48688
346,"191, 250",8600
347,"147, 191, 207, 250",5964
348,"7, 8, 52, 84, 182, 191, 250, 261",2440
349,"207, 246",3600
350,"207, 246",4100
351,"28, 95, 205, 216",966
352,"205, 216",3472
353,"7, 182",3922
354,"8, 84",1700
355,"63, 250",950
356,"191, 250",15066
357,"87, 176, 250",8400
358,"87, 191, 250",6576
359,"63, 87, 191, 209, 250",18750
360,"183, 186, 250",5000
361,"63, 250",2500
362,"63, 191, 209",1800
363,"20, 87, 191, 201, 250",10600
364,"23, 30",2600
365,"63, 176",1700
366,"83, 176",1100
367,"83, 176, 191",4200
368,"176, 191",290
369,"30, 183, 191",260
370,"63, 191",480
371,"30, 191",600
372,"30, 63, 191",2070
373,"63, 191",690
374,"63, 191",1100
375,"63, 111, 191",1500
376,"111, 191",3930
377,"83, 176, 191",1100
378,"30, 191",7364
379,"30, 183, 191",4254
380,"63, 191",10516
381,"63, 176, 191",1308
382,"63, 191",143808
383,"191, 211",102190
384,"83, 176, 191",48840
385,"14, 191, 211",77048
386,"63, 191",105193
387,"63, 191",117026
388,"63, 191",126438
389,"63, 191",86970
390,"183, 186, 191, 209",52250
391,"54, 87, 106, 186, 250",105600
392,"83, 176, 186, 199, 250",26970
393,"23, 54",25200
394,"63, 83, 176",27720
395,"63, 87, 106, 186, 250",26243
396,"183, 186, 191",26154
397,"83, 106, 176, 186",22710
398,"87, 106, 186, 250",34686
399,"23, 106, 186, 191, 209, 221",68712
400,"23, 250",3416
401,"23, 250",17658
402,"106, 186, 191",22500
403,"63, 106, 186, 209",2000
404,"106, 118",24876
405,"30, 63",23635
406,"23, 30",3400
407,"186, 250",8000
408,"63, 106, 250",4600
409,"30, 83, 176, 211",8000
410,"14, 83, 176, 191",1000
411,"63, 106, 250",270
412,"30, 63",1200
413,"106, 191",93420
414,"106, 250",10000
415,"87, 106, 250",27181
416,"63, 106, 250",35220
417,"30, 63",2800
418,"106, 191",3348
419,"14, 63, 211",5223
420,"14, 30, 176, 183",4218
421,"30, 106",3400
422,"63, 250",3400
423,"87, 176",1600
424,"30, 211",2943
425,"30, 83, 176",4800
426,"14, 30, 63, 244",600
427,"194, 250",294
428,"30, 63, 72, 119",1880
429,"63, 119, 191",1700
430,"63, 250",770
431,"87, 191",770
432,"191, 250",620
433,"14, 250",600
434,"63, 119",2668
435,"14, 18",3000
436,"63, 250",1000
437,"20, 250",4200
438,"63, 119",1100
439,"83, 176",500
440,"83, 176",700
441,"30, 63, 191",61
442,"30, 83, 176",1100
443,"30, 201",8574
444,"63, 250",3423
445,"23, 191, 209",18276
446,"14, 18",5895
447,"30, 83, 176, 191",7929
448,"14, 83, 106, 176, 201",16815
449,"83, 176, 191",10296
450,"14, 30, 83, 102, 207",5100
451,"100, 168",5127
452,"19, 118, 221",5400
453,"30, 32, 100, 118, 221",2100
454,"20, 32, 70, 87, 100, 101, 121, 131, 209, 249, 250",2024
455,"30, 121",3096
456,"100, 118, 221",10388
457,"210, 265",10844
458,"30, 118, 221",2176
459,"191, 209, 221",16008
460,"32, 100, 101, 191, 209",8068
461,"191, 250",12906
462,"14, 191",3195
463,"131, 191",5070
464,"30, 191",4914
465,"78, 191",2146
466,"30, 191",1814
467,"118, 191",2010
468,"121, 191, 249",11272
469,"111, 191",10632
470,"191, 250",16600
471,"111, 191",4881
472,"137, 191",3400
473,"30, 191",2052
474,"100, 191, 209",2152
475,"191, 250",2188
476,"12, 19, 32, 70, 111, 121, 155, 191, 209, 249",5496
477,"30, 239",5355
478,"111, 191",5409
479,"131, 191, 194",2700
480,"191, 250",4521
481,"30, 70, 191",2000
482,"70, 191, 194",11004
483,"96, 191",10984
484,"32, 100, 131, 191, 209, 250",18361
485,"191, 250",10328
486,"87, 191",13089
487,"121, 191, 249",2200
488,"191, 221",5908
489,"191, 250",9788
490,"30, 191, 244",4245
491,"12, 111, 121, 191",5124
492,"87, 191, 250",5316
493,"30, 191",5224
494,"30, 191",6544
495,"191, 250",5019
496,"30, 83, 176, 191",8817
497,"191, 239",3855
498,"191, 244",5028
499,"14, 106, 186, 209",6736
500,"87, 106, 250",21320
501,"30, 186",21255
502,"106, 186",7212
503,"30, 201",10864
504,"30, 106",8388
505,"30, 106, 186",4926
506,"106, 191, 209",3141
507,"14, 30, 211",3610
508,"30, 106",5592
509,"106, 186, 209",38277
510,"239, 244",4500
511,"30, 209",12288
512,"30, 250",7200
513,"239, 250",2850
514,"30, 191",8607
515,"30, 191",4680
516,"191, 256",7404
517,"209, 244",14052
518,"137, 250",3228
519,"137, 250",3000
520,"30, 191",4752
521,"191, 227",4856
522,"30, 191, 244",4827
523,"30, 250",12700
524,"244, 250",17980
525,"87, 250",14120
526,"30, 191, 209",8124
527,"244, 250",11368
528,"30, 244, 250",11105
529,"30, 191, 209, 239",17560
530,"209, 239",5250
531,"30, 209, 250",706
532,"221, 227, 250",2040
533,"191, 256",694
534,"209, 250",457.5
535,"233, 250",380
536,"191, 239",650
537,"63, 256",2000
538,"30, 137, 191, 244",704
539,"191, 250, 261",698
540,"30, 191",2108
541,"191, 209",2102
542,"68, 191",2052
543,"3, 120",340
544,"20, 87, 209, 250",1000
545,"191, 209, 250",340
546,"121, 250",2125
547,"63, 176",602
548,"63, 176",1000
549,"83, 176, 183",900
550,"63, 183",1946
551,"63, 83",694
552,"63, 211",3000
553,"23, 54",700
554,"183, 199",950
555,"183, 199",932
556,"83, 176",1916
557,"106, 119",1410
558,"63, 176",1118
559,"106, 119",4854
560,"63, 119",4650
561,"176, 183",7610
562,"14, 47, 261",900
563,"106, 186",2000
564,"106, 186",1000
565,"106, 186",1000
566,"63, 119",3796
567,"30, 106",834
568,"14, 106",990
569,"14, 72",1000
570,"106, 211",3400
571,"106, 211",900
572,"106, 186",1694
573,"30, 250",1814
574,"23, 106",760
575,"60, 148, 248",5214
576,"66, 67",920
577,"66, 67, 148",600
578,"66, 130",6900
579,"130, 248",2000
580,"62, 66, 248",5380
581,"14, 30",700
582,"14, 30, 256",5000
583,"14, 244",700
584,"14, 30, 169, 227, 244, 256",1020
585,"250, 256",880
586,"1, 83, 176",1170
587,"15, 83, 112, 176",400
588,"83, 176",1118
589,"176, 183",3000
590,"83, 176",2086
591,"83, 176",280
592,"83, 176",220
593,"83, 176",460
594,"37, 81, 122, 181, 187",3000
595,"81, 134, 141, 241",1000
596,"81, 122, 172, 181",2100
597,"81, 122, 172",3219
598,"81, 122, 234",1300
599,"81, 122, 172, 234",1000
600,"37, 81, 122, 134, 187",2712
601,"81, 122, 134",450
602,"13, 81, 122, 172, 234",8994
603,"81, 122, 134, 172, 187, 224",1700
604,"37, 125, 172, 187, 190",9282
605,"81, 212, 236, 240",2000
606,"35, 81, 109, 212, 215, 236, 240, 254",650
607,"40, 138",1890
608,"135, 262",360
609,"81, 135, 190, 262",9150
610,"125, 190, 262",1000
611,"81, 90",700
612,"81, 181",2100
613,"81, 181",3436
614,"61, 81, 170",3236
615,"80, 81",3236
616,"81, 90",3492
617,"81, 90",3040
618,"40, 41, 110, 138",1118
619,"181, 262",1700
620,"125, 127",1118
621,"75, 90",2094
622,"91, 122",698
623,"81, 90",3786
624,"61, 170, 200",700
625,"61, 85, 107, 110, 138, 253",3456
626,"181, 190",2026
627,"125, 181",295
628,"80, 152",1500
629,"125, 190",1400
630,"81, 91, 116, 122",810
631,"81, 116, 125, 127, 181",4200
632,"170, 200",330
633,"81, 122, 237",1972
634,"81, 181",1248
635,"81, 125, 181",3822
636,"81, 116, 181",1884
637,"81, 181, 190",5110
638,"91, 122",2518
639,"81, 90",3516
640,"81, 90",800
641,"25, 90",2200
642,"125, 190",1000
643,"116, 125, 135, 190",4048
644,"81, 156",4182
645,"22, 81, 192",2754
646,"81, 162",6000
647,"4, 41",1000
648,"81, 90",12450
649,"172, 187",2908
650,"134, 187",5000
651,"103, 197, 241",3000
652,"212, 236, 240",1000
653,"35, 109",1000
654,"141, 232",3400
655,"103, 134, 141, 179, 212, 232",1000
656,"35, 109, 172",1000
657,"76, 224",1700
658,"76, 232",3000
659,"212, 236",1700
660,"37, 158, 214",1000
661,"114, 172, 264",700
662,"172, 224, 234",1400
663,"37, 134, 187",1500
664,"37, 134, 187",1700
665,"187, 264",3750
666,"134, 172, 264",1300
667,"187, 241",4800
668,"187, 242",650
669,"172, 234",10000
670,"37, 134, 172, 252",2600
671,"187, 252",602
672,"134, 187",3312
673,"92, 114",1164
674,"134, 141, 252",1244
675,"234, 252",1000
676,"49, 172",1000
677,"134, 187, 234",2500
678,"187, 234",2000
679,"134, 141, 172, 241",2700
680,"158, 172",878
681,"108, 179, 264",2500
682,"158, 172",4578
683,"172, 232",1000
684,"13, 103, 134, 172, 232",3400
685,"76, 172",900
686,"35, 134",436
687,"134, 135, 172, 224, 234",1000
688,"172, 224",2000
689,"197, 212",1000
690,"134, 232",1950
691,"134, 141, 232",2108
692,"37, 134, 172, 252",1050
693,"114, 172",400
694,"141, 172, 187",1338
695,"76, 172, 234",3815
696,"35, 172, 212",2625
697,"134, 232",3325
698,"187, 232",2409
699,"141, 172",8100
700,"179, 241",300
701,"134, 232",690
702,"172, 241",1740
703,"37, 172",4000
704,"76, 172",2210
705,"134, 232",1000
706,"212, 236, 240",2000
707,"35, 109, 215",600
708,"172, 234",878
709,"172, 187",1000
710,"35, 109, 215",1650
711,"141, 158, 172, 187",1140
712,"76, 134, 172",1000
713,"5, 92, 179, 264",7172
714,"172, 212",17000
715,"212, 234",5400
716,"35, 109, 234",54000
717,"35, 172, 212",24000
718,"35, 109, 128, 232",12800
719,"212, 236",2314
720,"212, 240",7200
721,"74, 212, 236, 240",30000
722,"212, 240",2500
723,"212, 240",15750
724,"212, 236",6066
725,"74, 212",2850
726,"212, 240",3404
727,"35, 134",227700
728,"37, 172",2000
729,"37, 172, 187",1950
730,"14, 81, 122, 181, 250",1800
731,"30, 76, 187, 191",10000
732,"36, 129, 175, 187, 191, 252",10000
733,"36, 63, 77, 176, 229",3710
734,"30, 191, 229, 250",2100
735,"14, 250",1800
736,"36, 189, 188, 17, 97, 210, 120, 62, 123",10000
