country,b,e,e0,criticality
Cameroon,0.1,9164.067831,9164.722932,7.14807E-05
Democratic Republic of the Congo,0.1,9164.722932,9164.722932,0
Republic of the Congo,0.1,9160.416538,9164.722932,0.000469888
Cook Islands,0.1,9164.722932,9164.722932,0
Colombia,0.1,9151.842957,9164.722932,0.001405386
Comoros,0.1,9164.722932,9164.722932,0
Cape Verde,0.1,9164.722932,9164.722932,0
Costa Rica,0.1,9162.204163,9164.722932,0.000274833
Cuba,0.1,9164.053615,9164.722932,7.30319E-05
Curacao,0.1,9164.195828,9164.722932,5.75145E-05
Christmas Island,0.1,9164.722932,9164.722932,0
Cayman Islands,0.1,9164.722932,9164.722932,0
Cyprus,0.1,9164.453086,9164.722932,2.9444E-05
Germany,0.1,9135.712702,9164.722932,0.003165424
Djibouti,0.1,9161.330015,9164.722932,0.000370215
Dominica,0.1,9164.722932,9164.722932,0
Denmark,0.1,9161.686591,9164.722932,0.000331307
Dominican Republic,0.1,9159.373539,9164.722932,0.000583694
Algeria,0.1,9161.504268,9164.722932,0.000351201
Ecuador,0.1,9162.232676,9164.722932,0.000271722
Egypt,0.1,9151.450115,9164.722932,0.001448251
Eritrea,0.1,9164.722932,9164.722932,0
Spain,0.1,9121.972411,9164.722932,0.004664682
Estonia,0.1,9163.963201,9164.722932,8.28973E-05
Finland,0.1,9162.475857,9164.722932,0.000245187
Haiti,0.1,9164.110272,9164.722932,6.68498E-05
Indonesia,0.1,9153.371882,9164.722932,0.001238559
India,0.1,9139.882009,9164.722932,0.002710494
Ireland,0.1,9164.28435,9164.722932,4.78555E-05
Iran,0.1,9161.25855,9164.722932,0.000378013
Iraq,0.1,9164.482068,9164.722932,2.62816E-05
Iceland,0.1,9163.845841,9164.722932,9.57029E-05
Israel,0.1,9158.848766,9164.722932,0.000640954
Italy,0.1,9133.329671,9164.722932,0.003425446
Jamaica,0.1,9160.312179,9164.722932,0.000481275
Jersey,0.1,9164.722932,9164.722932,0
Jordan,0.1,9162.826836,9164.722932,0.000206891
Japan,0.1,9124.914008,9164.722932,0.004343713
Kenya,0.1,9163.131831,9164.722932,0.000173611
Cambodia,0.1,9163.889029,9164.722932,9.09905E-05
Kiribati,0.1,9164.722932,9164.722932,0
Saint Kitts and Nevis,0.1,9164.722932,9164.722932,0
South Korea,0.1,9108.585557,9164.722932,0.006125376
Kuwait,0.1,9163.694667,9164.722932,0.000112198
Lebanon,0.1,9160.754546,9164.722932,0.000433007
Liberia,0.1,9164.722932,9164.722932,0
Libya,0.1,9163.878907,9164.722932,9.2095E-05
Saint Lucia,0.1,9164.296062,9164.722932,4.65775E-05
Sri Lanka,0.1,9153.040112,9164.722932,0.00127476
Lithuania,0.1,9164.328448,9164.722932,4.30437E-05
Latvia,0.1,9164.23863,9164.722932,5.28442E-05
Morocco,0.1,9152.57244,9164.722932,0.001325789
Madagascar,0.1,9164.722932,9164.722932,0
Maldives,0.1,9164.722932,9164.722932,0
Mexico,0.1,9149.90112,9164.722932,0.001617268
Marshall Islands,0.1,9164.722932,9164.722932,0
Malta,0.1,9156.505815,9164.722932,0.000896603
Myanmar,0.1,9163.922184,9164.722932,8.73729E-05
Montenegro,0.1,9164.722932,9164.722932,0
Northern Mariana Islands,0.1,9164.722932,9164.722932,0
Mozambique,0.1,9162.765804,9164.722932,0.00021355
Mauritania,0.1,9162.435435,9164.722932,0.000249598
Martinique,0.1,9163.959026,9164.722932,8.33529E-05
Mauritius,0.1,9163.434996,9164.722932,0.000140532
Malaysia,0.1,9135.655173,9164.722932,0.003171701
Mayotte,0.1,9164.722932,9164.722932,0
Namibia,0.1,9161.821149,9164.722932,0.000316625
New Caledonia,0.1,9163.838818,9164.722932,9.64693E-05
Nigeria,0.1,9161.14596,9164.722932,0.000390298
Nicaragua,0.1,9164.722932,9164.722932,0
Niue,0.1,9164.722932,9164.722932,0
Netherlands,0.1,9126.577335,9164.722932,0.00416222
"Norway, Svalbard and Jan Mayen",0.1,9164.183765,9164.722932,5.88307E-05
Nauru,0.1,9164.722932,9164.722932,0
New Zealand,0.1,9149.30452,9164.722932,0.001682365
Oman,0.1,9157.19074,9164.722932,0.000821868
Pakistan,0.1,9159.87346,9164.722932,0.000529146
Panama,0.1,9147.567181,9164.722932,0.001871933
Peru,0.1,9159.056277,9164.722932,0.000618312
Philippines,0.1,9147.57162,9164.722932,0.001871449
Palau,0.1,9164.722932,9164.722932,0
Papua New Guinea,0.1,9160.919685,9164.722932,0.000414988
Poland,0.1,9163.951949,9164.722932,8.41251E-05
Puerto Rico,0.1,9164.02657,9164.722932,7.59829E-05
Portugal,0.1,9156.523483,9164.722932,0.000894675
Paraguay,0.1,9164.722932,9164.722932,0
French Polynesia,0.1,9164.722932,9164.722932,0
Qatar,0.1,9162.654794,9164.722932,0.000225663
Reunion,0.1,9162.826089,9164.722932,0.000206972
Romania,0.1,9164.612678,9164.722932,1.20303E-05
Suriname,0.1,9164.722932,9164.722932,0
Slovenia,0.1,9162.781545,9164.722932,0.000211833
Sweden,0.1,9164.040699,9164.722932,7.44412E-05
Sint Maarten,0.1,9160.740691,9164.722932,0.000434518
Seychelles,0.1,9164.722932,9164.722932,0
Syria,0.1,9164.245511,9164.722932,5.20933E-05
Turks and Caicos Islands,0.1,9164.722932,9164.722932,0
Togo,0.1,9161.502072,9164.722932,0.000351441
Thailand,0.1,9158.834055,9164.722932,0.000642559
Tokelau,0.1,9164.722932,9164.722932,0
East Timor,0.1,9164.722932,9164.722932,0
Tonga,0.1,9163.738889,9164.722932,0.000107373
Trinidad and Tobago,0.1,9163.645085,9164.722932,0.000117608
Tunisia,0.1,9163.922445,9164.722932,8.73444E-05
Turkey,0.1,9144.829483,9164.722932,0.002170655
Tuvalu,0.1,9164.722932,9164.722932,0
Tanzania,0.1,9163.941206,9164.722932,8.52973E-05
Ukraine,0.1,9164.134689,9164.722932,6.41856E-05
Uruguay,0.1,9160.336416,9164.722932,0.000478631
United States,0.1,9092.440623,9164.722932,0.007887015
Saint Vincent and the Grenadines,0.1,9164.443256,9164.722932,3.05166E-05
Venezuela,0.1,9163.869219,9164.722932,9.31521E-05
British Virgin Islands,0.1,9164.722932,9164.722932,0
U.S. Virgin Islands,0.1,9164.117156,9164.722932,6.60987E-05
Vietnam,0.1,9153.247233,9164.722932,0.00125216
Vanuatu,0.1,9164.722932,9164.722932,0
Wallis and Futuna,0.1,9164.722932,9164.722932,0
Samoa,0.1,9164.194722,9164.722932,5.76351E-05
Yemen,0.1,9164.091723,9164.722932,6.88738E-05
South Africa,0.1,9156.542408,9164.722932,0.00089261
Russia,0.1,9159.902071,9164.722932,0.000526024
Saudi Arabia,0.1,9148.26263,9164.722932,0.00179605
Sudan,0.1,9164.722932,9164.722932,0
Senegal,0.1,9162.686068,9164.722932,0.00022225
Singapore,0.1,9096.310129,9164.722932,0.007464798
Solomon Islands,0.1,9164.076376,9164.722932,7.05483E-05
Sierra Leone,0.1,9164.722932,9164.722932,0
El Salvador,0.1,9164.722932,9164.722932,0
Somalia,0.1,9164.722932,9164.722932,0
Sao Tome and Principe,0.1,9164.722932,9164.722932,0
Aruba,0.1,9164.168419,9164.722932,6.05052E-05
Angola,0.1,9162.241618,9164.722932,0.000270746
Anguilla,0.1,9164.722932,9164.722932,0
Albania,0.1,9164.722932,9164.722932,0
United Arab Emirates,0.1,9132.42226,9164.722932,0.003524457
Argentina,0.1,9161.62035,9164.722932,0.000338535
American Samoa,0.1,9163.781489,9164.722932,0.000102725
Antigua and Barbuda,0.1,9164.722932,9164.722932,0
Australia,0.1,9147.759682,9164.722932,0.001850929
Belgium,0.1,9141.8375,9164.722932,0.002497122
Benin,0.1,9161.140348,9164.722932,0.00039091
Bangladesh,0.1,9164.722932,9164.722932,0
Bulgaria,0.1,9163.850762,9164.722932,9.5166E-05
Bahrain,0.1,9164.722932,9164.722932,0
Bahamas,0.1,9163.275973,9164.722932,0.000157884
Saint Barthelemy,0.1,9164.722932,9164.722932,0
Belize,0.1,9164.722932,9164.722932,0
Bermuda,0.1,9164.722932,9164.722932,0
Brazil,0.1,9140.213917,9164.722932,0.002674278
Barbados,0.1,9164.493551,9164.722932,2.50287E-05
Brunei,0.1,9163.676977,9164.722932,0.000114128
Canada,0.1,9155.132053,9164.722932,0.0010465
Chile,0.1,9148.991937,9164.722932,0.001716473
China,0.1,8953.76935,9164.722932,0.023017999
Ivory Coast,0.1,9160.414302,9164.722932,0.000470132
Fiji,0.1,9164.112072,9164.722932,6.66534E-05
Falkland Islands,0.1,9164.722932,9164.722932,0
France,0.1,9149.821836,9164.722932,0.001625919
Faroe Islands,0.1,9164.722932,9164.722932,0
Micronesia,0.1,9164.722932,9164.722932,0
Gabon,0.1,9164.046047,9164.722932,7.38577E-05
United Kingdom,0.1,9143.45237,9164.722932,0.002320917
Georgia,0.1,9164.722932,9164.722932,0
Guernsey,0.1,9164.722932,9164.722932,0
Ghana,0.1,9161.221498,9164.722932,0.000382056
Gibraltar,0.1,9164.722932,9164.722932,0
Guinea,0.1,9164.722932,9164.722932,0
Guadeloupe,0.1,9164.374476,9164.722932,3.80214E-05
Gambia,0.1,9164.722932,9164.722932,0
Guinea-Bissau,0.1,9164.722932,9164.722932,0
Equatorial Guinea,0.1,9164.722932,9164.722932,0
Greece,0.1,9154.843481,9164.722932,0.001077987
Grenada,0.1,9164.421917,9164.722932,3.2845E-05
Greenland,0.1,9164.722932,9164.722932,0
Guatemala,0.1,9161.511228,9164.722932,0.000350442
French Guiana,0.1,9164.722932,9164.722932,0
Guam,0.1,9164.722932,9164.722932,0
Guyana,0.1,9164.369159,9164.722932,3.86016E-05
Honduras,0.1,9163.842954,9164.722932,9.6018E-05
Croatia,0.1,9156.916701,9164.722932,0.000851769
Aruba,0.2,9164.168419,9164.722932,6.05052E-05
Angola,0.2,9156.790068,9164.722932,0.000865587
Anguilla,0.2,9164.722932,9164.722932,4.24007E-11
Albania,0.2,9164.555895,9164.722932,1.8226E-05
United Arab Emirates,0.2,9098.72098,9164.722932,0.00720174
Argentina,0.2,9152.162129,9164.722932,0.00137056
American Samoa,0.2,9163.781489,9164.722932,0.000102725
Antigua and Barbuda,0.2,9164.238811,9164.722932,5.28244E-05
Australia,0.2,9125.973011,9164.722932,0.004228161
Belgium,0.2,9127.129124,9164.722932,0.004102013
Benin,0.2,9159.699982,9164.722932,0.000548074
Bangladesh,0.2,9161.679891,9164.722932,0.000332039
Bulgaria,0.2,9162.419389,9164.722932,0.000251349
Bahrain,0.2,9160.433127,9164.722932,0.000468078
Bahamas,0.2,9160.160666,9164.722932,0.000497807
Saint Barthelemy,0.2,9163.875116,9164.722932,9.25086E-05
Belize,0.2,9164.722932,9164.722932,4.24007E-11
Bermuda,0.2,9164.144988,9164.722932,6.30618E-05
Brazil,0.2,9090.887895,9164.722932,0.00805644
Barbados,0.2,9164.101141,9164.722932,6.78462E-05
Brunei,0.2,9163.676977,9164.722932,0.000114128
Canada,0.2,9143.017277,9164.722932,0.002368392
Chile,0.2,9120.517199,9164.722932,0.004823466
China,0.2,8737.433505,9164.722932,0.046623278
Ivory Coast,0.2,9157.551992,9164.722932,0.00078245
Cameroon,0.2,9162.204471,9164.722932,0.000274799
Democratic Republic of the Congo,0.2,9162.859147,9164.722932,0.000203365
Republic of the Congo,0.2,9158.499147,9164.722932,0.000679102
Cook Islands,0.2,9164.722932,9164.722932,4.24007E-11
Colombia,0.2,9139.885645,9164.722932,0.002710097
Comoros,0.2,9163.98412,9164.722932,8.06147E-05
Cape Verde,0.2,9161.273734,9164.722932,0.000376356
Costa Rica,0.2,9160.592586,9164.722932,0.000450679
Cuba,0.2,9164.053615,9164.722932,7.30318E-05
Curacao,0.2,9164.195828,9164.722932,5.75144E-05
Christmas Island,0.2,9164.722932,9164.722932,4.24007E-11
Cayman Islands,0.2,9164.541935,9164.722932,1.97493E-05
Cyprus,0.2,9163.170981,9164.722932,0.00016934
Germany,0.2,9106.570195,9164.722932,0.00634528
Djibouti,0.2,9159.714794,9164.722932,0.000546458
Dominica,0.2,9164.256951,9164.722932,5.08451E-05
Denmark,0.2,9149.054263,9164.722932,0.001709672
Dominican Republic,0.2,9151.542569,9164.722932,0.001438163
Algeria,0.2,9155.116853,9164.722932,0.001048158
Ecuador,0.2,9156.017973,9164.722932,0.000949833
Egypt,0.2,9141.618024,9164.722932,0.00252107
Eritrea,0.2,9164.722932,9164.722932,4.24007E-11
Spain,0.2,9078.265358,9164.722932,0.009433736
Estonia,0.2,9163.963201,9164.722932,8.28973E-05
Finland,0.2,9160.069637,9164.722932,0.00050774
Fiji,0.2,9162.897702,9164.722932,0.000199158
Falkland Islands,0.2,9164.722932,9164.722932,4.24007E-11
France,0.2,9124.708416,9164.722932,0.004366146
Faroe Islands,0.2,9163.648657,9164.722932,0.000117218
Micronesia,0.2,9164.722932,9164.722932,4.24007E-11
Gabon,0.2,9164.046047,9164.722932,7.38576E-05
United Kingdom,0.2,9123.179843,9164.722932,0.004532935
Georgia,0.2,9164.23668,9164.722932,5.30569E-05
Guernsey,0.2,9164.722932,9164.722932,4.24007E-11
Ghana,0.2,9159.110525,9164.722932,0.000612392
Gibraltar,0.2,9164.722932,9164.722932,4.24007E-11
Guinea,0.2,9163.522419,9164.722932,0.000130993
Guadeloupe,0.2,9164.374476,9164.722932,3.80214E-05
Gambia,0.2,9164.005438,9164.722932,7.82887E-05
Guinea-Bissau,0.2,9162.761001,9164.722932,0.000214074
Equatorial Guinea,0.2,9162.726978,9164.722932,0.000217787
Greece,0.2,9147.893888,9164.722932,0.001836285
Grenada,0.2,9164.421917,9164.722932,3.28449E-05
Greenland,0.2,9164.722932,9164.722932,4.24007E-11
Guatemala,0.2,9158.960859,9164.722932,0.000628723
French Guiana,0.2,9164.722932,9164.722932,4.24007E-11
Guam,0.2,9163.887554,9164.722932,9.11515E-05
Guyana,0.2,9164.369159,9164.722932,3.86016E-05
Honduras,0.2,9163.13162,9164.722932,0.000173635
Croatia,0.2,9156.916701,9164.722932,0.000851769
Haiti,0.2,9163.405455,9164.722932,0.000143755
Indonesia,0.2,9139.029002,9164.722932,0.002803569
India,0.2,9115.657669,9164.722932,0.005353709
Ireland,0.2,9160.886898,9164.722932,0.000418565
Iran,0.2,9152.866805,9164.722932,0.00129367
Iraq,0.2,9163.530566,9164.722932,0.000130104
Iceland,0.2,9163.845841,9164.722932,9.57029E-05
Israel,0.2,9152.342538,9164.722932,0.001350875
Italy,0.2,9096.037165,9164.722932,0.007494582
Jamaica,0.2,9156.711497,9164.722932,0.00087416
Jersey,0.2,9164.722932,9164.722932,4.24007E-11
Jordan,0.2,9160.06464,9164.722932,0.000508285
Japan,0.2,9058.962459,9164.722932,0.011539953
Kenya,0.2,9162.37929,9164.722932,0.000255724
Cambodia,0.2,9162.839165,9164.722932,0.000205545
Kiribati,0.2,9163.015948,9164.722932,0.000186256
Saint Kitts and Nevis,0.2,9164.442857,9164.722932,3.05602E-05
South Korea,0.2,9054.028449,9164.722932,0.012078323
Kuwait,0.2,9160.527062,9164.722932,0.000457828
Lebanon,0.2,9155.799977,9164.722932,0.00097362
Liberia,0.2,9163.596797,9164.722932,0.000122877
Libya,0.2,9163.480684,9164.722932,0.000135547
Saint Lucia,0.2,9164.296062,9164.722932,4.65775E-05
Sri Lanka,0.2,9143.61632,9164.722932,0.002303028
Lithuania,0.2,9163.924638,9164.722932,8.71051E-05
Latvia,0.2,9163.782031,9164.722932,0.000102665
Morocco,0.2,9141.180773,9164.722932,0.00256878
Madagascar,0.2,9160.829395,9164.722932,0.00042484
Maldives,0.2,9164.722932,9164.722932,4.24007E-11
Mexico,0.2,9131.93661,9164.722932,0.003577448
Marshall Islands,0.2,9163.299865,9164.722932,0.000155277
Malta,0.2,9147.970109,9164.722932,0.001827968
Myanmar,0.2,9162.872475,9164.722932,0.000201911
Montenegro,0.2,9164.722932,9164.722932,4.24007E-11
Northern Mariana Islands,0.2,9163.957023,9164.722932,8.35715E-05
Mozambique,0.2,9161.274813,9164.722932,0.000376238
Mauritania,0.2,9161.033629,9164.722932,0.000402555
Martinique,0.2,9163.959026,9164.722932,8.33529E-05
Mauritius,0.2,9158.288337,9164.722932,0.000702105
Malaysia,0.2,9109.851896,9164.722932,0.005987201
Mayotte,0.2,9164.208363,9164.722932,5.61467E-05
Namibia,0.2,9161.821149,9164.722932,0.000316625
New Caledonia,0.2,9162.294747,9164.722932,0.000264949
Nigeria,0.2,9155.299771,9164.722932,0.001028199
Nicaragua,0.2,9162.532825,9164.722932,0.000238971
Niue,0.2,9164.722932,9164.722932,4.24007E-11
Netherlands,0.2,9087.964684,9164.722932,0.008375403
"Norway, Svalbard and Jan Mayen",0.2,9150.333882,9164.722932,0.001570048
Nauru,0.2,9164.722932,9164.722932,4.24007E-11
New Zealand,0.2,9121.282642,9164.722932,0.004739946
Oman,0.2,9147.361583,9164.722932,0.001894367
Pakistan,0.2,9154.43809,9164.722932,0.001122221
Panama,0.2,9128.30321,9164.722932,0.003973903
Peru,0.2,9147.919084,9164.722932,0.001833536
Philippines,0.2,9128.443015,9164.722932,0.003958649
Palau,0.2,9164.722932,9164.722932,4.24007E-11
Papua New Guinea,0.2,9154.197202,9164.722932,0.001148505
Poland,0.2,9159.950129,9164.722932,0.00052078
Puerto Rico,0.2,9163.29916,9164.722932,0.000155354
Portugal,0.2,9148.813798,9164.722932,0.00173591
Paraguay,0.2,9164.722932,9164.722932,4.24007E-11
French Polynesia,0.2,9163.314123,9164.722932,0.000153721
Qatar,0.2,9158.496203,9164.722932,0.000679424
Reunion,0.2,9160.910232,9164.722932,0.000416019
Romania,0.2,9164.180863,9164.722932,5.91473E-05
Russia,0.2,9150.135702,9164.722932,0.001591672
Saudi Arabia,0.2,9128.390915,9164.722932,0.003964333
Sudan,0.2,9162.664067,9164.722932,0.000224651
Senegal,0.2,9161.936761,9164.722932,0.00030401
Singapore,0.2,9034.751784,9164.722932,0.014181678
Solomon Islands,0.2,9163.32496,9164.722932,0.000152538
Sierra Leone,0.2,9163.498497,9164.722932,0.000133603
El Salvador,0.2,9162.590484,9164.722932,0.00023268
Somalia,0.2,9161.740442,9164.722932,0.000325432
Sao Tome and Principe,0.2,9164.722932,9164.722932,4.24007E-11
Suriname,0.2,9164.455198,9164.722932,2.92136E-05
Slovenia,0.2,9155.421828,9164.722932,0.001014881
Sweden,0.2,9160.234747,9164.722932,0.000489724
Sint Maarten,0.2,9157.144584,9164.722932,0.000826904
Seychelles,0.2,9162.951831,9164.722932,0.000193252
Syria,0.2,9163.624139,9164.722932,0.000119894
Turks and Caicos Islands,0.2,9164.722932,9164.722932,4.24007E-11
Togo,0.2,9159.135083,9164.722932,0.000609713
Thailand,0.2,9150.667133,9164.722932,0.001533685
Tokelau,0.2,9164.722932,9164.722932,4.24007E-11
East Timor,0.2,9163.921938,9164.722932,8.73997E-05
Tonga,0.2,9163.738889,9164.722932,0.000107373
Trinidad and Tobago,0.2,9162.934319,9164.722932,0.000195163
Tunisia,0.2,9162.879016,9164.722932,0.000201197
Turkey,0.2,9123.141548,9164.722932,0.004537113
Tuvalu,0.2,9164.722932,9164.722932,4.24007E-11
Tanzania,0.2,9161.631496,9164.722932,0.000337319
Ukraine,0.2,9163.624894,9164.722932,0.000119811
Uruguay,0.2,9154.969868,9164.722932,0.001064196
United States,0.2,9028.118756,9164.722932,0.014905434
Saint Vincent and the Grenadines,0.2,9164.443256,9164.722932,3.05166E-05
Venezuela,0.2,9162.741424,9164.722932,0.00021621
British Virgin Islands,0.2,9164.282261,9164.722932,4.80834E-05
U.S. Virgin Islands,0.2,9164.117156,9164.722932,6.60986E-05
Vietnam,0.2,9138.448174,9164.722932,0.002866945
Vanuatu,0.2,9162.080675,9164.722932,0.000288307
Wallis and Futuna,0.2,9164.722932,9164.722932,4.24007E-11
Samoa,0.2,9163.592984,9164.722932,0.000123293
Yemen,0.2,9162.699254,9164.722932,0.000220812
South Africa,0.2,9146.857491,9164.722932,0.001949371
Aruba,0.3,9163.559078,9164.722932,0.000126993
Angola,0.3,9151.732716,9164.722932,0.001417415
Anguilla,0.3,9163.434857,9164.722932,0.000140547
Albania,0.3,9164.37875,9164.722932,3.7555E-05
United Arab Emirates,0.3,9062.421869,9164.722932,0.011162483
Argentina,0.3,9137.270153,9164.722932,0.002995484
American Samoa,0.3,9163.4871,9164.722932,0.000134847
Antigua and Barbuda,0.3,9164.238811,9164.722932,5.28244E-05
Australia,0.3,9103.463181,9164.722932,0.006684299
Belgium,0.3,9108.706638,9164.722932,0.006112164
Benin,0.3,9156.62376,9164.722932,0.000883733
Bangladesh,0.3,9161.679891,9164.722932,0.000332039
Bulgaria,0.3,9161.539056,9164.722932,0.000347406
Bahrain,0.3,9160.433127,9164.722932,0.000468078
Bahamas,0.3,9157.995756,9164.722932,0.000734029
Saint Barthelemy,0.3,9163.875116,9164.722932,9.25086E-05
Belize,0.3,9164.206536,9164.722932,5.6346E-05
Bermuda,0.3,9164.144988,9164.722932,6.30618E-05
Brazil,0.3,9059.125362,9164.722932,0.011522178
Barbados,0.3,9163.742177,9164.722932,0.000107014
Brunei,0.3,9162.738589,9164.722932,0.00021652
Canada,0.3,9134.716985,9164.722932,0.00327407
Chile,0.3,9095.860489,9164.722932,0.00751386
China,0.3,8538.687893,9164.722932,0.068309216
Ivory Coast,0.3,9153.799167,9164.722932,0.001191936
Cameroon,0.3,9160.82934,9164.722932,0.000424846
Democratic Republic of the Congo,0.3,9162.859147,9164.722932,0.000203365
Republic of the Congo,0.3,9156.322835,9164.722932,0.000916569
Cook Islands,0.3,9163.388061,9164.722932,0.000145653
Colombia,0.3,9127.269032,9164.722932,0.004086747
Comoros,0.3,9163.98412,9164.722932,8.06147E-05
Cape Verde,0.3,9160.26498,9164.722932,0.000486425
Costa Rica,0.3,9158.858356,9164.722932,0.000639908
Cuba,0.3,9160.979999,9164.722932,0.000408407
Curacao,0.3,9163.624867,9164.722932,0.000119814
Christmas Island,0.3,9164.722932,9164.722932,4.24007E-11
Cayman Islands,0.3,9164.541935,9164.722932,1.97493E-05
Cyprus,0.3,9162.342503,9164.722932,0.000259738
Germany,0.3,9075.679431,9164.722932,0.009715897
Djibouti,0.3,9157.89885,9164.722932,0.000744603
Dominica,0.3,9164.256951,9164.722932,5.08451E-05
Denmark,0.3,9143.452325,9164.722932,0.002320922
Dominican Republic,0.3,9144.912035,9164.722932,0.002161647
Algeria,0.3,9152.047224,9164.722932,0.001383098
Ecuador,0.3,9154.231851,9164.722932,0.001144724
Egypt,0.3,9129.388603,9164.722932,0.003855472
Eritrea,0.3,9163.26764,9164.722932,0.000158793
Spain,0.3,9036.723692,9164.722932,0.013966515
Estonia,0.3,9163.541839,9164.722932,0.000128874
Finland,0.3,9154.965345,9164.722932,0.00106469
Fiji,0.3,9162.094326,9164.722932,0.000286818
Falkland Islands,0.3,9164.722932,9164.722932,4.24007E-11
France,0.3,9098.214478,9164.722932,0.007257007
Faroe Islands,0.3,9162.425231,9164.722932,0.000250711
Micronesia,0.3,9164.246812,9164.722932,5.19514E-05
Gabon,0.3,9163.242859,9164.722932,0.000161497
United Kingdom,0.3,9105.833654,9164.722932,0.006425647
Georgia,0.3,9162.504142,9164.722932,0.000242101
Guernsey,0.3,9164.722932,9164.722932,4.24007E-11
Ghana,0.3,9156.8851,9164.722932,0.000855218
Gibraltar,0.3,9162.437648,9164.722932,0.000249357
Guinea,0.3,9162.445952,9164.722932,0.00024845
Guadeloupe,0.3,9164.064825,9164.722932,7.18088E-05
Gambia,0.3,9163.165074,9164.722932,0.000169984
Guinea-Bissau,0.3,9162.761001,9164.722932,0.000214074
Equatorial Guinea,0.3,9160.458065,9164.722932,0.000465357
Greece,0.3,9139.009924,9164.722932,0.00280565
Grenada,0.3,9163.866288,9164.722932,9.34719E-05
Greenland,0.3,9164.722932,9164.722932,4.24007E-11
Guatemala,0.3,9155.719891,9164.722932,0.000982358
French Guiana,0.3,9163.670512,9164.722932,0.000114834
Guam,0.3,9162.955395,9164.722932,0.000192863
Guyana,0.3,9163.981189,9164.722932,8.09346E-05
Honduras,0.3,9161.67811,9164.722932,0.000332233
Croatia,0.3,9152.302624,9164.722932,0.00135523
Haiti,0.3,9161.15423,9164.722932,0.000389396
Indonesia,0.3,9121.501587,9164.722932,0.004716056
India,0.3,9087.706059,9164.722932,0.008403623
Ireland,0.3,9158.460211,9164.722932,0.000683351
Iran,0.3,9147.780706,9164.722932,0.001848635
Iraq,0.3,9160.252989,9164.722932,0.000487734
Iceland,0.3,9157.13286,9164.722932,0.000828183
Israel,0.3,9146.613821,9164.722932,0.001975958
Italy,0.3,9060.358341,9164.722932,0.011387643
Jamaica,0.3,9154.946359,9164.722932,0.001066761
Jersey,0.3,9164.722932,9164.722932,4.24007E-11
Jordan,0.3,9156.658671,9164.722932,0.000879924
Japan,0.3,9000.092379,9164.722932,0.017963506
Kenya,0.3,9160.844466,9164.722932,0.000423195
Cambodia,0.3,9161.606689,9164.722932,0.000340026
Kiribati,0.3,9163.015948,9164.722932,0.000186256
Saint Kitts and Nevis,0.3,9164.442857,9164.722932,3.05602E-05
South Korea,0.3,9003.995212,9164.722932,0.017537652
Kuwait,0.3,9158.880021,9164.722932,0.000637544
Lebanon,0.3,9150.514975,9164.722932,0.001550288
Liberia,0.3,9162.535844,9164.722932,0.000238642
Libya,0.3,9162.774622,9164.722932,0.000212588
Saint Lucia,0.3,9163.995714,9164.722932,7.93496E-05
Sri Lanka,0.3,9136.370167,9164.722932,0.003093685
Lithuania,0.3,9162.752347,9164.722932,0.000215018
Latvia,0.3,9163.329134,9164.722932,0.000152083
Morocco,0.3,9129.470343,9164.722932,0.003846553
Madagascar,0.3,9155.974469,9164.722932,0.00095458
Maldives,0.3,9164.722932,9164.722932,4.24007E-11
Mexico,0.3,9114.398693,9164.722932,0.005491081
Marshall Islands,0.3,9161.900124,9164.722932,0.000308008
Malta,0.3,9139.682294,9164.722932,0.002732285
Myanmar,0.3,9162.101745,9164.722932,0.000286008
Montenegro,0.3,9164.542987,9164.722932,1.96346E-05
Northern Mariana Islands,0.3,9163.957023,9164.722932,8.35715E-05
Mozambique,0.3,9158.248649,9164.722932,0.000706435
Mauritania,0.3,9158.236374,9164.722932,0.000707775
Martinique,0.3,9163.053236,9164.722932,0.000182187
Mauritius,0.3,9156.317505,9164.722932,0.00091715
Malaysia,0.3,9079.95941,9164.722932,0.009248891
Mayotte,0.3,9163.476861,9164.722932,0.000135964
Namibia,0.3,9159.238007,9164.722932,0.000598482
New Caledonia,0.3,9160.564916,9164.722932,0.000453698
Nigeria,0.3,9151.870611,9164.722932,0.001402369
Nicaragua,0.3,9160.241289,9164.722932,0.00048901
Niue,0.3,9164.214598,9164.722932,5.54664E-05
Netherlands,0.3,9063.205321,9164.722932,0.011076997
"Norway, Svalbard and Jan Mayen",0.3,9142.099517,9164.722932,0.002468532
Nauru,0.3,9164.722932,9164.722932,4.24007E-11
New Zealand,0.3,9109.620578,9164.722932,0.006012441
Oman,0.3,9142.754494,9164.722932,0.002397065
Pakistan,0.3,9146.70902,9164.722932,0.001965571
Panama,0.3,9114.833419,9164.722932,0.005443647
Peru,0.3,9140.533509,9164.722932,0.002639406
Philippines,0.3,9111.302969,9164.722932,0.005828868
Palau,0.3,9164.722932,9164.722932,4.24007E-11
Papua New Guinea,0.3,9148.584112,9164.722932,0.001760972
Poland,0.3,9152.778117,9164.722932,0.001303347
Puerto Rico,0.3,9162.806685,9164.722932,0.000209089
Portugal,0.3,9142.116463,9164.722932,0.002466683
Paraguay,0.3,9164.722932,9164.722932,4.24007E-11
French Polynesia,0.3,9162.212161,9164.722932,0.00027396
Qatar,0.3,9156.001221,9164.722932,0.000951661
Reunion,0.3,9155.682449,9164.722932,0.000986444
Romania,0.3,9162.83698,9164.722932,0.000205784
Russia,0.3,9142.267261,9164.722932,0.002450229
Saudi Arabia,0.3,9114.74385,9164.722932,0.00545342
Sudan,0.3,9160.303211,9164.722932,0.000482254
Senegal,0.3,9160.5138,9164.722932,0.000459275
Singapore,0.3,8985.896209,9164.722932,0.019512507
Solomon Islands,0.3,9162.009587,9164.722932,0.000296064
Sierra Leone,0.3,9162.411089,9164.722932,0.000252255
El Salvador,0.3,9160.310855,9164.722932,0.00048142
Somalia,0.3,9161.205421,9164.722932,0.00038381
Sao Tome and Principe,0.3,9164.722932,9164.722932,4.24007E-11
Suriname,0.3,9164.455198,9164.722932,2.92136E-05
Slovenia,0.3,9154.169101,9164.722932,0.001151571
Sweden,0.3,9150.072368,9164.722932,0.001598582
Sint Maarten,0.3,9157.144584,9164.722932,0.000826904
Seychelles,0.3,9162.951831,9164.722932,0.000193252
Syria,0.3,9162.525183,9164.722932,0.000239805
Turks and Caicos Islands,0.3,9164.301205,9164.722932,4.60164E-05
Togo,0.3,9156.941701,9164.722932,0.000849042
Thailand,0.3,9143.248802,9164.722932,0.002343129
Tokelau,0.3,9164.722932,9164.722932,4.24007E-11
East Timor,0.3,9163.921938,9164.722932,8.73997E-05
Tonga,0.3,9163.098293,9164.722932,0.000177271
Trinidad and Tobago,0.3,9161.765721,9164.722932,0.000322673
Tunisia,0.3,9160.724724,9164.722932,0.000436261
Turkey,0.3,9098.119585,9164.722932,0.007267361
Tuvalu,0.3,9164.722932,9164.722932,4.24007E-11
Tanzania,0.3,9160.548604,9164.722932,0.000455478
Ukraine,0.3,9156.090303,9164.722932,0.000941941
Uruguay,0.3,9153.415296,9164.722932,0.001233822
United States,0.3,8958.168814,9164.722932,0.022537956
Saint Vincent and the Grenadines,0.3,9163.865893,9164.722932,9.3515E-05
Venezuela,0.3,9161.342323,9164.722932,0.000368872
British Virgin Islands,0.3,9164.282261,9164.722932,4.80834E-05
U.S. Virgin Islands,0.3,9163.482507,9164.722932,0.000135348
Vietnam,0.3,9123.07979,9164.722932,0.004543852
Vanuatu,0.3,9160.980958,9164.722932,0.000408302
Wallis and Futuna,0.3,9164.722932,9164.722932,4.24007E-11
Samoa,0.3,9163.592984,9164.722932,0.000123293
Yemen,0.3,9162.237063,9164.722932,0.000271243
South Africa,0.3,9136.972053,9164.722932,0.003028011
Aruba,0.4,9162.652994,9164.722932,0.000225859
Angola,0.4,9149.570203,9164.722932,0.001653376
Anguilla,0.4,9163.434857,9164.722932,0.000140547
Albania,0.4,9164.37875,9164.722932,3.7555E-05
United Arab Emirates,0.4,9029.766026,9164.722932,0.014725694
Argentina,0.4,9132.4625,9164.722932,0.003520066
American Samoa,0.4,9162.80563,9164.722932,0.000209205
Antigua and Barbuda,0.4,9164.238811,9164.722932,5.28244E-05
Australia,0.4,9085.987313,9164.722932,0.008591162
Belgium,0.4,9097.658927,9164.722932,0.007317625
Benin,0.4,9155.417479,9164.722932,0.001015356
Bangladesh,0.4,9161.679891,9164.722932,0.000332039
Bulgaria,0.4,9160.397206,9164.722932,0.000471997
Bahrain,0.4,9158.114346,9164.722932,0.00072109
Bahamas,0.4,9155.341929,9164.722932,0.001023599
Saint Barthelemy,0.4,9163.875116,9164.722932,9.25086E-05
Belize,0.4,9164.206536,9164.722932,5.6346E-05
Bermuda,0.4,9164.144988,9164.722932,6.30618E-05
Brazil,0.4,9033.56187,9164.722932,0.014311514
Barbados,0.4,9163.53519,9164.722932,0.000129599
Brunei,0.4,9162.738589,9164.722932,0.00021652
Canada,0.4,9120.160412,9164.722932,0.004862397
Chile,0.4,9093.360956,9164.722932,0.007786594
China,0.4,8359.278351,9164.722932,0.087885317
Ivory Coast,0.4,9150.351378,9164.722932,0.001568138
Cameroon,0.4,9157.989557,9164.722932,0.000734706
Democratic Republic of the Congo,0.4,9162.859147,9164.722932,0.000203365
Republic of the Congo,0.4,9152.981377,9164.722932,0.001281169
Cook Islands,0.4,9163.388061,9164.722932,0.000145653
Colombia,0.4,9114.165459,9164.722932,0.00551653
Comoros,0.4,9163.875567,9164.722932,9.24594E-05
Cape Verde,0.4,9159.387304,9164.722932,0.000582192
Costa Rica,0.4,9157.116835,9164.722932,0.000829932
Cuba,0.4,9159.916059,9164.722932,0.000524497
Curacao,0.4,9162.752085,9164.722932,0.000215047
Christmas Island,0.4,9164.722932,9164.722932,4.24007E-11
Cayman Islands,0.4,9164.541935,9164.722932,1.97493E-05
Cyprus,0.4,9160.547211,9164.722932,0.00045563
Germany,0.4,9046.278379,9164.722932,0.012923964
Djibouti,0.4,9154.621012,9164.722932,0.001102261
Dominica,0.4,9163.6206,9164.722932,0.00012028
Denmark,0.4,9140.60676,9164.722932,0.002631413
Dominican Republic,0.4,9140.507163,9164.722932,0.002642281
Algeria,0.4,9147.764182,9164.722932,0.001850438
Ecuador,0.4,9147.365711,9164.722932,0.001893917
Egypt,0.4,9117.631869,9164.722932,0.005138296
Eritrea,0.4,9163.26764,9164.722932,0.000158793
Spain,0.4,9005.234285,9164.722932,0.017402452
Estonia,0.4,9162.883455,9164.722932,0.000200713
Finland,0.4,9152.641961,9164.722932,0.001318204
Fiji,0.4,9161.138669,9164.722932,0.000391093
Falkland Islands,0.4,9164.722932,9164.722932,4.24007E-11
France,0.4,9082.613374,9164.722932,0.008959306
Faroe Islands,0.4,9162.425231,9164.722932,0.000250711
Micronesia,0.4,9164.246812,9164.722932,5.19514E-05
Gabon,0.4,9161.981311,9164.722932,0.000299149
United Kingdom,0.4,9084.514896,9164.722932,0.008751823
Georgia,0.4,9162.011235,9164.722932,0.000295884
Guernsey,0.4,9164.722932,9164.722932,4.24007E-11
Ghana,0.4,9152.839954,9164.722932,0.0012966
Gibraltar,0.4,9162.437648,9164.722932,0.000249357
Guinea,0.4,9162.445952,9164.722932,0.00024845
Guadeloupe,0.4,9163.473405,9164.722932,0.000136341
Gambia,0.4,9163.165074,9164.722932,0.000169984
Guinea-Bissau,0.4,9162.761001,9164.722932,0.000214074
Equatorial Guinea,0.4,9160.458065,9164.722932,0.000465357
Greece,0.4,9131.272576,9164.722932,0.003649904
Grenada,0.4,9163.866288,9164.722932,9.34719E-05
Greenland,0.4,9164.722932,9164.722932,4.24007E-11
Guatemala,0.4,9152.477318,9164.722932,0.001336168
French Guiana,0.4,9163.670512,9164.722932,0.000114834
Guam,0.4,9162.955395,9164.722932,0.000192863
Guyana,0.4,9163.981189,9164.722932,8.09346E-05
Honduras,0.4,9160.624066,9164.722932,0.000447244
Croatia,0.4,9152.302624,9164.722932,0.00135523
Haiti,0.4,9160.394982,9164.722932,0.00047224
Indonesia,0.4,9110.499295,9164.722932,0.00591656
India,0.4,9065.616769,9164.722932,0.010813874
Ireland,0.4,9155.598809,9164.722932,0.00099557
Iran,0.4,9140.279437,9164.722932,0.002667129
Iraq,0.4,9158.075396,9164.722932,0.00072534
Iceland,0.4,9157.13286,9164.722932,0.000828183
Israel,0.4,9141.106323,9164.722932,0.002576904
Italy,0.4,9034.878977,9164.722932,0.014167799
Jamaica,0.4,9151.104251,9164.722932,0.001485989
Jersey,0.4,9164.722932,9164.722932,4.24007E-11
Jordan,0.4,9153.783751,9164.722932,0.001193618
Japan,0.4,8951.288027,9164.722932,0.023288746
Kenya,0.4,9160.133424,9164.722932,0.00050078
Cambodia,0.4,9160.085713,9164.722932,0.000505986
Kiribati,0.4,9162.118699,9164.722932,0.000284158
Saint Kitts and Nevis,0.4,9164.24602,9164.722932,5.20378E-05
South Korea,0.4,8950.503292,9164.722932,0.023374372
Kuwait,0.4,9155.164497,9164.722932,0.001042959
Lebanon,0.4,9145.91157,9164.722932,0.002052584
Liberia,0.4,9162.535844,9164.722932,0.000238642
Libya,0.4,9162.025154,9164.722932,0.000294366
Saint Lucia,0.4,9163.457572,9164.722932,0.000138069
Sri Lanka,0.4,9127.95344,9164.722932,0.004012068
Lithuania,0.4,9161.656429,9164.722932,0.000334599
Latvia,0.4,9162.84853,9164.722932,0.000204524
Morocco,0.4,9119.737,9164.722932,0.004908597
Madagascar,0.4,9155.974469,9164.722932,0.00095458
Maldives,0.4,9164.722932,9164.722932,4.24007E-11
Mexico,0.4,9096.956646,9164.722932,0.007394254
Marshall Islands,0.4,9161.900124,9164.722932,0.000308008
Malta,0.4,9133.339555,9164.722932,0.003424367
Myanmar,0.4,9161.395001,9164.722932,0.000363124
Montenegro,0.4,9164.542987,9164.722932,1.96346E-05
Northern Mariana Islands,0.4,9163.957023,9164.722932,8.35715E-05
Mozambique,0.4,9157.252422,9164.722932,0.000815138
Mauritania,0.4,9158.236374,9164.722932,0.000707775
Martinique,0.4,9162.022505,9164.722932,0.000294655
Mauritius,0.4,9153.507855,9164.722932,0.001223722
Malaysia,0.4,9054.916254,9164.722932,0.011981451
Mayotte,0.4,9163.476861,9164.722932,0.000135964
Namibia,0.4,9157.4235,9164.722932,0.000796471
New Caledonia,0.4,9159.432512,9164.722932,0.000577259
Nigeria,0.4,9145.677179,9164.722932,0.002078159
Nicaragua,0.4,9160.241289,9164.722932,0.00048901
Niue,0.4,9164.214598,9164.722932,5.54664E-05
Netherlands,0.4,9034.517637,9164.722932,0.014207227
"Norway, Svalbard and Jan Mayen",0.4,9139.833414,9164.722932,0.002715796
Nauru,0.4,9164.722932,9164.722932,4.24007E-11
New Zealand,0.4,9084.696406,9164.722932,0.008732018
Oman,0.4,9134.670217,9164.722932,0.003279173
Pakistan,0.4,9141.368706,9164.722932,0.002548274
Panama,0.4,9098.100327,9164.722932,0.007269462
Peru,0.4,9133.818297,9164.722932,0.00337213
Philippines,0.4,9088.894543,9164.722932,0.008273942
Palau,0.4,9164.722932,9164.722932,4.24007E-11
Papua New Guinea,0.4,9146.173421,9164.722932,0.002024012
Poland,0.4,9145.36836,9164.722932,0.002111856
Puerto Rico,0.4,9162.34653,9164.722932,0.000259299
Portugal,0.4,9132.600026,9164.722932,0.00350506
Paraguay,0.4,9164.722932,9164.722932,4.24007E-11
French Polynesia,0.4,9162.212161,9164.722932,0.00027396
Qatar,0.4,9153.844061,9164.722932,0.001187038
Reunion,0.4,9153.527174,9164.722932,0.001221614
Romania,0.4,9161.179544,9164.722932,0.000386633
Russia,0.4,9134.333299,9164.722932,0.003315936
Saudi Arabia,0.4,9093.619529,9164.722932,0.00775838
Sudan,0.4,9160.303211,9164.722932,0.000482254
Senegal,0.4,9158.618714,9164.722932,0.000666056
Singapore,0.4,8936.99465,9164.722932,0.024848354
Solomon Islands,0.4,9161.696341,9164.722932,0.000330244
Sierra Leone,0.4,9162.411089,9164.722932,0.000252255
El Salvador,0.4,9160.310855,9164.722932,0.00048142
Somalia,0.4,9161.205421,9164.722932,0.00038381
Sao Tome and Principe,0.4,9164.722932,9164.722932,4.24007E-11
Suriname,0.4,9164.261444,9164.722932,5.03549E-05
Slovenia,0.4,9150.805604,9164.722932,0.001518576
Sweden,0.4,9144.559826,9164.722932,0.002200078
Sint Maarten,0.4,9156.101136,9164.722932,0.000940759
Seychelles,0.4,9161.868431,9164.722932,0.000311466
Syria,0.4,9162.056556,9164.722932,0.000290939
Turks and Caicos Islands,0.4,9164.301205,9164.722932,4.60164E-05
Togo,0.4,9154.144242,9164.722932,0.001154284
Thailand,0.4,9136.825091,9164.722932,0.003044046
Tokelau,0.4,9164.722932,9164.722932,4.24007E-11
East Timor,0.4,9163.921938,9164.722932,8.73997E-05
Tonga,0.4,9163.098293,9164.722932,0.000177271
Trinidad and Tobago,0.4,9160.71376,9164.722932,0.000437457
Tunisia,0.4,9160.00037,9164.722932,0.000515298
Turkey,0.4,9075.701337,9164.722932,0.009713506
Tuvalu,0.4,9164.722932,9164.722932,4.24007E-11
Tanzania,0.4,9159.43982,9164.722932,0.000576462
Ukraine,0.4,9153.169595,9164.722932,0.001260631
Uruguay,0.4,9149.869641,9164.722932,0.001620703
United States,0.4,8899.608519,9164.722932,0.028927706
Saint Vincent and the Grenadines,0.4,9163.865893,9164.722932,9.3515E-05
Venezuela,0.4,9160.426989,9164.722932,0.000468748
British Virgin Islands,0.4,9164.282261,9164.722932,4.80834E-05
U.S. Virgin Islands,0.4,9163.149635,9164.722932,0.000171669
Vietnam,0.4,9106.283058,9164.722932,0.006376611
Vanuatu,0.4,9159.664974,9164.722932,0.000551894
Wallis and Futuna,0.4,9164.722932,9164.722932,4.24007E-11
Samoa,0.4,9163.022756,9164.722932,0.000185513
Yemen,0.4,9162.237063,9164.722932,0.000271243
South Africa,0.4,9130.819105,9164.722932,0.003699384
Aruba,0.5,9161.879622,9164.722932,0.000310245
Angola,0.5,9147.922323,9164.722932,0.001833182
Anguilla,0.5,9163.434857,9164.722932,0.000140547
Albania,0.5,9164.37875,9164.722932,3.7555E-05
United Arab Emirates,0.5,9005.095283,9164.722932,0.017417619
Argentina,0.5,9124.481102,9164.722932,0.004390949
American Samoa,0.5,9162.562826,9164.722932,0.000235698
Antigua and Barbuda,0.5,9163.50015,9164.722932,0.000133423
Australia,0.5,9071.828977,9164.722932,0.010136035
Belgium,0.5,9082.705885,9164.722932,0.008949212
Benin,0.5,9152.582131,9164.722932,0.001324732
Bangladesh,0.5,9158.371225,9164.722932,0.00069306
Bulgaria,0.5,9157.678575,9164.722932,0.000768638
Bahrain,0.5,9158.114346,9164.722932,0.00072109
Bahamas,0.5,9153.091527,9164.722932,0.00126915
Saint Barthelemy,0.5,9162.707778,9164.722932,0.000219882
Belize,0.5,9164.206536,9164.722932,5.6346E-05
Bermuda,0.5,9164.171101,9164.722932,6.02125E-05
Brazil,0.5,9010.781208,9164.722932,0.016797204
Barbados,0.5,9163.53519,9164.722932,0.000129599
Brunei,0.5,9161.758483,9164.722932,0.000323463
Canada,0.5,9114.021323,9164.722932,0.005532258
Chile,0.5,9069.911468,9164.722932,0.010345262
China,0.5,8193.712464,9164.722932,0.105950881
Ivory Coast,0.5,9145.85389,9164.722932,0.002058878
Cameroon,0.5,9157.103519,9164.722932,0.000831385
Democratic Republic of the Congo,0.5,9161.015667,9164.722932,0.000404515
Republic of the Congo,0.5,9149.236997,9164.722932,0.001689733
Cook Islands,0.5,9163.388061,9164.722932,0.000145653
Colombia,0.5,9107.054324,9164.722932,0.006292455
Comoros,0.5,9163.574786,9164.722932,0.000125279
Cape Verde,0.5,9158.996525,9164.722932,0.000624831
Costa Rica,0.5,9154.324123,9164.722932,0.001134656
Cuba,0.5,9158.761718,9164.722932,0.000650452
Curacao,0.5,9162.014499,9164.722932,0.000295528
Christmas Island,0.5,9164.722932,9164.722932,4.24007E-11
Cayman Islands,0.5,9164.283508,9164.722932,4.79473E-05
Cyprus,0.5,9159.592055,9164.722932,0.000559851
Germany,0.5,9020.371367,9164.722932,0.015750783
Djibouti,0.5,9151.426642,9164.722932,0.001450812
Dominica,0.5,9163.6206,9164.722932,0.00012028
Denmark,0.5,9139.398553,9164.722932,0.002763245
Dominican Republic,0.5,9135.140323,9164.722932,0.003227878
Algeria,0.5,9145.713219,9164.722932,0.002074227
Ecuador,0.5,9145.955954,9164.722932,0.002047741
Egypt,0.5,9105.285375,9164.722932,0.006485472
Eritrea,0.5,9163.26764,9164.722932,0.000158793
Spain,0.5,8972.517496,9164.722932,0.020972313
Estonia,0.5,9162.528213,9164.722932,0.000239475
Finland,0.5,9149.729321,9164.722932,0.001636014
Fiji,0.5,9160.958113,9164.722932,0.000410795
Falkland Islands,0.5,9164.722932,9164.722932,4.24007E-11
France,0.5,9063.550719,9164.722932,0.011039309
Faroe Islands,0.5,9162.425231,9164.722932,0.000250711
Micronesia,0.5,9164.246812,9164.722932,5.19514E-05
Gabon,0.5,9160.609405,9164.722932,0.000448844
United Kingdom,0.5,9058.813894,9164.722932,0.011556164
Georgia,0.5,9162.011235,9164.722932,0.000295884
Guernsey,0.5,9164.722932,9164.722932,4.24007E-11
Ghana,0.5,9149.041495,9164.722932,0.001711065
Gibraltar,0.5,9162.437648,9164.722932,0.000249357
Guinea,0.5,9162.445952,9164.722932,0.00024845
Guadeloupe,0.5,9162.926635,9164.722932,0.000196001
Gambia,0.5,9163.165074,9164.722932,0.000169984
Guinea-Bissau,0.5,9161.894286,9164.722932,0.000308645
Equatorial Guinea,0.5,9160.458065,9164.722932,0.000465357
Greece,0.5,9125.141568,9164.722932,0.004318883
Grenada,0.5,9163.451001,9164.722932,0.000138786
Greenland,0.5,9164.722932,9164.722932,4.24007E-11
Guatemala,0.5,9149.723219,9164.722932,0.001636679
French Guiana,0.5,9163.670512,9164.722932,0.000114834
Guam,0.5,9162.955395,9164.722932,0.000192863
Guyana,0.5,9163.584748,9164.722932,0.000124192
Honduras,0.5,9160.073251,9164.722932,0.000507346
Croatia,0.5,9150.908986,9164.722932,0.001507296
Haiti,0.5,9160.394982,9164.722932,0.00047224
Indonesia,0.5,9099.415195,9164.722932,0.007125991
India,0.5,9035.715814,9164.722932,0.014076489
Ireland,0.5,9155.103613,9164.722932,0.001049603
Iran,0.5,9135.362836,9164.722932,0.003203599
Iraq,0.5,9157.485591,9164.722932,0.000789696
Iceland,0.5,9156.350287,9164.722932,0.000913573
Israel,0.5,9134.145509,9164.722932,0.003336426
Italy,0.5,9012.147714,9164.722932,0.016648099
Jamaica,0.5,9149.086387,9164.722932,0.001706167
Jersey,0.5,9164.722932,9164.722932,4.24007E-11
Jordan,0.5,9151.669828,9164.722932,0.001424277
Japan,0.5,8911.077725,9164.722932,0.027676255
Kenya,0.5,9158.695133,9164.722932,0.000657717
Cambodia,0.5,9158.848109,9164.722932,0.000641026
Kiribati,0.5,9162.118699,9164.722932,0.000284158
Saint Kitts and Nevis,0.5,9164.24602,9164.722932,5.20378E-05
South Korea,0.5,8905.8435,9164.722932,0.028247382
Kuwait,0.5,9152.891671,9164.722932,0.001290957
Lebanon,0.5,9143.455673,9164.722932,0.002320557
Liberia,0.5,9162.535844,9164.722932,0.000238642
Libya,0.5,9160.952071,9164.722932,0.000411454
Saint Lucia,0.5,9163.040776,9164.722932,0.000183547
Sri Lanka,0.5,9121.549952,9164.722932,0.004710779
Lithuania,0.5,9161.236815,9164.722932,0.000380384
Latvia,0.5,9162.285052,9164.722932,0.000266007
Morocco,0.5,9109.429033,9164.722932,0.006033341
Madagascar,0.5,9155.576105,9164.722932,0.000998047
Maldives,0.5,9164.722932,9164.722932,4.24007E-11
Mexico,0.5,9079.50975,9164.722932,0.009297955
Marshall Islands,0.5,9161.900124,9164.722932,0.000308008
Malta,0.5,9128.006582,9164.722932,0.00400627
Myanmar,0.5,9160.588418,9164.722932,0.000451134
Montenegro,0.5,9164.542987,9164.722932,1.96346E-05
Northern Mariana Islands,0.5,9163.257611,9164.722932,0.000159887
Mozambique,0.5,9155.65318,9164.722932,0.000989637
Mauritania,0.5,9156.825658,9164.722932,0.000861704
Martinique,0.5,9161.01277,9164.722932,0.000404831
Mauritius,0.5,9150.953129,9164.722932,0.001502479
Malaysia,0.5,9029.798507,9164.722932,0.01472215
Mayotte,0.5,9163.476861,9164.722932,0.000135964
Namibia,0.5,9155.537395,9164.722932,0.001002271
New Caledonia,0.5,9158.244018,9164.722932,0.000706941
Nigeria,0.5,9144.235529,9164.722932,0.002235463
Nicaragua,0.5,9160.241289,9164.722932,0.00048901
Niue,0.5,9164.214598,9164.722932,5.54664E-05
Netherlands,0.5,9013.397201,9164.722932,0.016511763
"Norway, Svalbard and Jan Mayen",0.5,9128.275591,9164.722932,0.003976917
Nauru,0.5,9164.722932,9164.722932,4.24007E-11
New Zealand,0.5,9076.794343,9164.722932,0.009594244
Oman,0.5,9125.760482,9164.722932,0.004251351
Pakistan,0.5,9136.941014,9164.722932,0.003031397
Panama,0.5,9080.559508,9164.722932,0.009183412
Peru,0.5,9128.229184,9164.722932,0.00398198
Philippines,0.5,9075.375901,9164.722932,0.009749016
Palau,0.5,9164.722932,9164.722932,4.24007E-11
Papua New Guinea,0.5,9142.255028,9164.722932,0.002451564
Poland,0.5,9143.204322,9164.722932,0.002347983
Puerto Rico,0.5,9161.780058,9164.722932,0.000321109
Portugal,0.5,9127.65709,9164.722932,0.004044404
Paraguay,0.5,9164.722932,9164.722932,4.24007E-11
French Polynesia,0.5,9162.212161,9164.722932,0.00027396
Qatar,0.5,9152.165684,9164.722932,0.001370172
Reunion,0.5,9152.061073,9164.722932,0.001381587
Romania,0.5,9160.866808,9164.722932,0.000420757
Russia,0.5,9125.713999,9164.722932,0.004256422
Saudi Arabia,0.5,9080.911516,9164.722932,0.009145003
Sudan,0.5,9160.303211,9164.722932,0.000482254
Senegal,0.5,9157.639516,9164.722932,0.0007729
Singapore,0.5,8895.221464,9164.722932,0.029406396
Solomon Islands,0.5,9161.696341,9164.722932,0.000330244
Sierra Leone,0.5,9162.411089,9164.722932,0.000252255
El Salvador,0.5,9160.310855,9164.722932,0.00048142
Somalia,0.5,9158.247353,9164.722932,0.000706577
Sao Tome and Principe,0.5,9164.722932,9164.722932,4.24007E-11
Suriname,0.5,9164.261444,9164.722932,5.03549E-05
Slovenia,0.5,9148.778052,9164.722932,0.00173981
Sweden,0.5,9136.233153,9164.722932,0.003108635
Sint Maarten,0.5,9152.302511,9164.722932,0.001355242
Seychelles,0.5,9161.868431,9164.722932,0.000311466
Syria,0.5,9160.303743,9164.722932,0.000482196
Turks and Caicos Islands,0.5,9164.301205,9164.722932,4.60164E-05
Togo,0.5,9151.595855,9164.722932,0.001432348
Thailand,0.5,9126.316148,9164.722932,0.00419072
Tokelau,0.5,9164.722932,9164.722932,4.24007E-11
East Timor,0.5,9163.901825,9164.722932,8.95943E-05
Tonga,0.5,9162.574345,9164.722932,0.000234441
Trinidad and Tobago,0.5,9159.588989,9164.722932,0.000560185
Tunisia,0.5,9159.063882,9164.722932,0.000617482
Turkey,0.5,9056.203155,9164.722932,0.011841032
Tuvalu,0.5,9164.722932,9164.722932,4.24007E-11
Tanzania,0.5,9156.748491,9164.722932,0.000870124
Ukraine,0.5,9152.504013,9164.722932,0.001333256
Uruguay,0.5,9146.18468,9164.722932,0.002022784
United States,0.5,8843.959707,9164.722932,0.034999773
Saint Vincent and the Grenadines,0.5,9163.484011,9164.722932,0.000135184
Venezuela,0.5,9160.198164,9164.722932,0.000493716
British Virgin Islands,0.5,9163.705018,9164.722932,0.000111069
U.S. Virgin Islands,0.5,9162.516181,9164.722932,0.000240788
Vietnam,0.5,9092.652995,9164.722932,0.007863842
Vanuatu,0.5,9159.664974,9164.722932,0.000551894
Wallis and Futuna,0.5,9164.722932,9164.722932,4.24007E-11
Samoa,0.5,9162.657937,9164.722932,0.00022532
Yemen,0.5,9159.992978,9164.722932,0.000516104
South Africa,0.5,9121.485748,9164.722932,0.004717784
Aruba,0.6,9161.879622,9164.722932,0.000310245
Angola,0.6,9145.979302,9164.722932,0.002045193
Anguilla,0.6,9163.434857,9164.722932,0.000140547
Albania,0.6,9164.202572,9164.722932,5.67786E-05
United Arab Emirates,0.6,8978.165016,9164.722932,0.020356089
Argentina,0.6,9119.221154,9164.722932,0.004964883
American Samoa,0.6,9162.562826,9164.722932,0.000235698
Antigua and Barbuda,0.6,9163.50015,9164.722932,0.000133423
Australia,0.6,9046.140665,9164.722932,0.012938991
Belgium,0.6,9066.855676,9164.722932,0.010678692
Benin,0.6,9149.287168,9164.722932,0.001684259
Bangladesh,0.6,9155.308802,9164.722932,0.001027214
Bulgaria,0.6,9157.678575,9164.722932,0.000768638
Bahrain,0.6,9158.114346,9164.722932,0.00072109
Bahamas,0.6,9150.026557,9164.722932,0.001603581
Saint Barthelemy,0.6,9162.707778,9164.722932,0.000219882
Belize,0.6,9157.716107,9164.722932,0.000764543
Bermuda,0.6,9164.171101,9164.722932,6.02125E-05
Brazil,0.6,8983.029667,9164.722932,0.019825287
Barbados,0.6,9163.08937,9164.722932,0.000178245
Brunei,0.6,9160.907465,9164.722932,0.000416321
Canada,0.6,9097.323044,9164.722932,0.007354274
Chile,0.6,9045.198026,9164.722932,0.013041846
China,0.6,8032.482563,9164.722932,0.123543328
Ivory Coast,0.6,9142.534164,9164.722932,0.002421106
Cameroon,0.6,9156.905328,9164.722932,0.00085301
Democratic Republic of the Congo,0.6,9160.027441,9164.722932,0.000512344
Republic of the Congo,0.6,9148.786126,9164.722932,0.001738929
Cook Islands,0.6,9163.388061,9164.722932,0.000145653
Colombia,0.6,9094.340968,9164.722932,0.007679661
Comoros,0.6,9163.574786,9164.722932,0.000125279
Cape Verde,0.6,9157.549835,9164.722932,0.000782686
Costa Rica,0.6,9151.867959,9164.722932,0.001402658
Cuba,0.6,9152.079554,9164.722932,0.00137957
Curacao,0.6,9162.014499,9164.722932,0.000295528
Christmas Island,0.6,9164.446967,9164.722932,3.01117E-05
Cayman Islands,0.6,9164.283508,9164.722932,4.79473E-05
Cyprus,0.6,9154.349357,9164.722932,0.001131903
Germany,0.6,8997.472286,9164.722932,0.018249395
Djibouti,0.6,9150.003741,9164.722932,0.00160607
Dominica,0.6,9163.6206,9164.722932,0.00012028
Denmark,0.6,9128.107669,9164.722932,0.003995239
Dominican Republic,0.6,9130.33875,9164.722932,0.003751797
Algeria,0.6,9139.118888,9164.722932,0.002793761
Ecuador,0.6,9136.262364,9164.722932,0.003105448
Egypt,0.6,9090.191357,9164.722932,0.008132442
Eritrea,0.6,9163.26764,9164.722932,0.000158793
Spain,0.6,8942.7022,9164.722932,0.02422558
Estonia,0.6,9160.057612,9164.722932,0.000509052
Finland,0.6,9144.96431,9164.722932,0.002155943
Fiji,0.6,9159.879538,9164.722932,0.000528482
Falkland Islands,0.6,9164.429929,9164.722932,3.19707E-05
France,0.6,9039.085792,9164.722932,0.013708777
Faroe Islands,0.6,9160.633211,9164.722932,0.000446246
Micronesia,0.6,9160.105652,9164.722932,0.00050381
Gabon,0.6,9152.580374,9164.722932,0.001324924
United Kingdom,0.6,9032.405318,9164.722932,0.01443771
Georgia,0.6,9162.011235,9164.722932,0.000295884
Guernsey,0.6,9164.406205,9164.722932,3.45594E-05
Ghana,0.6,9146.551843,9164.722932,0.001982721
Gibraltar,0.6,9162.437648,9164.722932,0.000249357
Guinea,0.6,9161.232367,9164.722932,0.00038087
Guadeloupe,0.6,9162.926635,9164.722932,0.000196001
Gambia,0.6,9162.485203,9164.722932,0.000244168
Guinea-Bissau,0.6,9161.894286,9164.722932,0.000308645
Equatorial Guinea,0.6,9156.860616,9164.722932,0.000857889
Greece,0.6,9114.191339,9164.722932,0.005513707
Grenada,0.6,9163.146095,9164.722932,0.000172055
Greenland,0.6,9149.449863,9164.722932,0.001666506
Guatemala,0.6,9147.163186,9164.722932,0.001916015
French Guiana,0.6,9163.670512,9164.722932,0.000114834
Guam,0.6,9161.652723,9164.722932,0.000335003
Guyana,0.6,9163.169675,9164.722932,0.000169482
Honduras,0.6,9156.852811,9164.722932,0.000858741
Croatia,0.6,9147.520955,9164.722932,0.001876977
Haiti,0.6,9160.009604,9164.722932,0.00051429
Indonesia,0.6,9071.374245,9164.722932,0.010185653
India,0.6,9010.805346,9164.722932,0.016794571
Ireland,0.6,9154.449943,9164.722932,0.001120927
Iran,0.6,9132.259556,9164.722932,0.00354221
Iraq,0.6,9154.783698,9164.722932,0.00108451
Iceland,0.6,9153.246683,9164.722932,0.00125222
Israel,0.6,9129.424461,9164.722932,0.003851559
Italy,0.6,8984.96,9164.722932,0.019614661
Jamaica,0.6,9147.222592,9164.722932,0.001909533
Jersey,0.6,9164.564563,9164.722932,1.72803E-05
Jordan,0.6,9148.657986,9164.722932,0.001752911
Japan,0.6,8854.013766,9164.722932,0.033902734
Kenya,0.6,9157.194729,9164.722932,0.000821433
Cambodia,0.6,9157.299626,9164.722932,0.000809987
Kiribati,0.6,9161.869661,9164.722932,0.000311332
Saint Kitts and Nevis,0.6,9162.19653,9164.722932,0.000275666
South Korea,0.6,8865.714406,9164.722932,0.03262603
Kuwait,0.6,9152.891671,9164.722932,0.001290957
Lebanon,0.6,9140.490985,9164.722932,0.002644046
Liberia,0.6,9161.559103,9164.722932,0.000345218
Libya,0.6,9155.662832,9164.722932,0.000988584
Saint Lucia,0.6,9161.007798,9164.722932,0.000405373
Sri Lanka,0.6,9114.891085,9164.722932,0.005437354
Lithuania,0.6,9160.343888,9164.722932,0.000477815
Latvia,0.6,9162.104119,9164.722932,0.000285749
Morocco,0.6,9099.994044,9164.722932,0.007062831
Madagascar,0.6,9153.442458,9164.722932,0.001230858
Maldives,0.6,9157.097683,9164.722932,0.000832022
Mexico,0.6,9060.854558,9164.722932,0.011333499
Marshall Islands,0.6,9160.922985,9164.722932,0.000414628
Malta,0.6,9122.396115,9164.722932,0.00461845
Myanmar,0.6,9159.850536,9164.722932,0.000531647
Montenegro,0.6,9164.542987,9164.722932,1.96346E-05
Northern Mariana Islands,0.6,9163.257611,9164.722932,0.000159887
Mozambique,0.6,9153.207113,9164.722932,0.001256538
Mauritania,0.6,9154.573535,9164.722932,0.001107442
Martinique,0.6,9161.01277,9164.722932,0.000404831
Mauritius,0.6,9146.299526,9164.722932,0.002010252
Malaysia,0.6,8998.728515,9164.722932,0.018112322
Mayotte,0.6,9162.310171,9164.722932,0.000263266
Namibia,0.6,9153.576369,9164.722932,0.001216247
New Caledonia,0.6,9157.104208,9164.722932,0.00083131
Nigeria,0.6,9140.30312,9164.722932,0.002664544
Nicaragua,0.6,9157.146314,9164.722932,0.000826715
Niue,0.6,9164.214598,9164.722932,5.54664E-05
Netherlands,0.6,8995.867923,9164.722932,0.018424453
"Norway, Svalbard and Jan Mayen",0.6,9093.986489,9164.722932,0.007718339
Nauru,0.6,9164.166529,9164.722932,6.07114E-05
New Zealand,0.6,9058.141662,9164.722932,0.011629514
Oman,0.6,9118.528974,9164.722932,0.00504041
Pakistan,0.6,9124.333119,9164.722932,0.004407096
Panama,0.6,9063.463829,9164.722932,0.01104879
Peru,0.6,9118.71856,9164.722932,0.005019723
Philippines,0.6,9057.166053,9164.722932,0.011735966
Palau,0.6,9161.701572,9164.722932,0.000329673
Papua New Guinea,0.6,9137.683572,9164.722932,0.002950374
Poland,0.6,9135.864829,9164.722932,0.003148824
Puerto Rico,0.6,9161.126154,9164.722932,0.000392459
Portugal,0.6,9114.061793,9164.722932,0.005527842
Paraguay,0.6,9164.259867,9164.722932,5.05269E-05
French Polynesia,0.6,9158.651326,9164.722932,0.000662498
Qatar,0.6,9148.440589,9164.722932,0.001776632
Reunion,0.6,9150.697373,9164.722932,0.001530386
Romania,0.6,9159.521772,9164.722932,0.00056752
Russia,0.6,9085.25232,9164.722932,0.00867136
Saudi Arabia,0.6,9065.921287,9164.722932,0.010780647
Sudan,0.6,9156.615369,9164.722932,0.000884649
Senegal,0.6,9156.075082,9164.722932,0.000943602
Singapore,0.6,8863.41193,9164.722932,0.032877263
Solomon Islands,0.6,9161.006196,9164.722932,0.000405548
Sierra Leone,0.6,9161.19238,9164.722932,0.000385233
El Salvador,0.6,9157.655349,9164.722932,0.000771173
Somalia,0.6,9153.760959,9164.722932,0.001196105
Sao Tome and Principe,0.6,9162.408524,9164.722932,0.000252534
Suriname,0.6,9164.261444,9164.722932,5.03549E-05
Slovenia,0.6,9145.92627,9164.722932,0.00205098
Sweden,0.6,9118.225104,9164.722932,0.005073566
Sint Maarten,0.6,9149.821474,9164.722932,0.001625958
Seychelles,0.6,9161.868431,9164.722932,0.000311466
Syria,0.6,9159.318608,9164.722932,0.000589688
Turks and Caicos Islands,0.6,9162.390113,9164.722932,0.000254543
Togo,0.6,9149.831151,9164.722932,0.001624903
Thailand,0.6,9118.523012,9164.722932,0.00504106
Tokelau,0.6,9163.976582,9164.722932,8.14373E-05
East Timor,0.6,9163.901825,9164.722932,8.95943E-05
Tonga,0.6,9161.134523,9164.722932,0.000391546
Trinidad and Tobago,0.6,9159.141098,9164.722932,0.000609056
Tunisia,0.6,9157.76716,9164.722932,0.000758972
Turkey,0.6,9029.378467,9164.722932,0.014767982
Tuvalu,0.6,9164.265782,9164.722932,4.98814E-05
Tanzania,0.6,9155.841626,9164.722932,0.000969075
Ukraine,0.6,9141.212353,9164.722932,0.002565334
Uruguay,0.6,9141.694538,9164.722932,0.002512721
United States,0.6,8765.982352,9164.722932,0.043508198
Saint Vincent and the Grenadines,0.6,9163.21179,9164.722932,0.000164887
Venezuela,0.6,9158.583217,9164.722932,0.000669929
British Virgin Islands,0.6,9163.705018,9164.722932,0.000111069
U.S. Virgin Islands,0.6,9162.23587,9164.722932,0.000271373
Vietnam,0.6,9065.999971,9164.722932,0.010772062
Vanuatu,0.6,9158.656077,9164.722932,0.000661979
Wallis and Futuna,0.6,9163.807825,9164.722932,9.98511E-05
Samoa,0.6,9162.165267,9164.722932,0.000279077
Yemen,0.6,9159.033368,9164.722932,0.000620811
South Africa,0.6,9116.032652,9164.722932,0.005312793
Aruba,0.7,9160.925666,9164.722932,0.000414335
Angola,0.7,9144.141252,9164.722932,0.00224575
Anguilla,0.7,9163.434857,9164.722932,0.000140547
Albania,0.7,9164.148124,9164.722932,6.27197E-05
United Arab Emirates,0.7,8959.693207,9164.722932,0.022371623
Argentina,0.7,9114.67229,9164.722932,0.005461228
American Samoa,0.7,9162.26894,9164.722932,0.000267765
Antigua and Barbuda,0.7,9163.50015,9164.722932,0.000133423
Australia,0.7,9024.543073,9164.722932,0.015295592
Belgium,0.7,9061.01519,9164.722932,0.011315971
Benin,0.7,9148.050884,9164.722932,0.001819155
Bangladesh,0.7,9155.308802,9164.722932,0.001027214
Bulgaria,0.7,9156.270995,9164.722932,0.000922225
Bahrain,0.7,9150.70397,9164.722932,0.001529666
Bahamas,0.7,9147.705744,9164.722932,0.001856814
Saint Barthelemy,0.7,9162.707778,9164.722932,0.000219882
Belize,0.7,9157.716107,9164.722932,0.000764543
Bermuda,0.7,9164.171101,9164.722932,6.02125E-05
Brazil,0.7,8960.229967,9164.722932,0.022313055
Barbados,0.7,9162.648845,9164.722932,0.000226312
Brunei,0.7,9160.907465,9164.722932,0.000416321
Canada,0.7,9087.748411,9164.722932,0.008399001
Chile,0.7,9033.984287,9164.722932,0.014265423
China,0.7,7933.396695,9164.722932,0.134354988
Ivory Coast,0.7,9139.42217,9164.722932,0.002760669
Cameroon,0.7,9155.81279,9164.722932,0.000972222
Democratic Republic of the Congo,0.7,9160.027441,9164.722932,0.000512344
Republic of the Congo,0.7,9147.867608,9164.722932,0.001839153
Cook Islands,0.7,9163.388061,9164.722932,0.000145653
Colombia,0.7,9084.269627,9164.722932,0.008778586
Comoros,0.7,9163.140274,9164.722932,0.00017269
Cape Verde,0.7,9155.476928,9164.722932,0.001008869
Costa Rica,0.7,9149.585899,9164.722932,0.001651663
Cuba,0.7,9151.4596,9164.722932,0.001447216
Curacao,0.7,9161.195877,9164.722932,0.000384851
Christmas Island,0.7,9164.446967,9164.722932,3.01117E-05
Cayman Islands,0.7,9164.283508,9164.722932,4.79473E-05
Cyprus,0.7,9152.580352,9164.722932,0.001324926
Germany,0.7,8981.349497,9164.722932,0.020008617
Djibouti,0.7,9148.451117,9164.722932,0.001775484
Dominica,0.7,9163.185268,9164.722932,0.000167781
Denmark,0.7,9127.059328,9164.722932,0.004109628
Dominican Republic,0.7,9127.625934,9164.722932,0.004047803
Algeria,0.7,9135.629538,9164.722932,0.003174498
Ecuador,0.7,9132.324779,9164.722932,0.003535094
Egypt,0.7,9081.018522,9164.722932,0.009133327
Eritrea,0.7,9163.26764,9164.722932,0.000158793
Spain,0.7,8917.273462,9164.722932,0.027000213
Estonia,0.7,9159.835372,9164.722932,0.000533301
Finland,0.7,9142.032461,9164.722932,0.002475849
Fiji,0.7,9159.152278,9164.722932,0.000607837
Falkland Islands,0.7,9164.429929,9164.722932,3.19707E-05
France,0.7,9019.971803,9164.722932,0.015794381
Faroe Islands,0.7,9160.414621,9164.722932,0.000470097
Micronesia,0.7,9160.105652,9164.722932,0.00050381
Gabon,0.7,9150.829627,9164.722932,0.001515955
United Kingdom,0.7,9015.292228,9164.722932,0.016304989
Georgia,0.7,9161.806361,9164.722932,0.000318239
Guernsey,0.7,9164.406205,9164.722932,3.45594E-05
Ghana,0.7,9142.779727,9164.722932,0.002394312
Gibraltar,0.7,9162.437648,9164.722932,0.000249357
Guinea,0.7,9160.005492,9164.722932,0.000514739
Guadeloupe,0.7,9162.188907,9164.722932,0.000276498
Gambia,0.7,9162.053985,9164.722932,0.00029122
Guinea-Bissau,0.7,9161.894286,9164.722932,0.000308645
Equatorial Guinea,0.7,9153.909491,9164.722932,0.001179898
Greece,0.7,9107.635362,9164.722932,0.006229056
Grenada,0.7,9163.146095,9164.722932,0.000172055
Greenland,0.7,9149.449863,9164.722932,0.001666506
Guatemala,0.7,9144.068288,9164.722932,0.002253712
French Guiana,0.7,9163.670512,9164.722932,0.000114834
Guam,0.7,9160.089181,9164.722932,0.000505607
Guyana,0.7,9163.169675,9164.722932,0.000169482
Honduras,0.7,9155.579107,9164.722932,0.00099772
Croatia,0.7,9147.520955,9164.722932,0.001876977
Haiti,0.7,9159.313952,9164.722932,0.000590196
Indonesia,0.7,9056.639457,9164.722932,0.011793425
India,0.7,8990.04031,9164.722932,0.019060328
Ireland,0.7,9149.466444,9164.722932,0.001664697
Iran,0.7,9128.227991,9164.722932,0.003982111
Iraq,0.7,9152.402008,9164.722932,0.001344386
Iceland,0.7,9153.246683,9164.722932,0.00125222
Israel,0.7,9125.182668,9164.722932,0.004314398
Italy,0.7,8962.716892,9164.722932,0.022041696
Jamaica,0.7,9144.336622,9164.722932,0.002224433
Jersey,0.7,9164.564563,9164.722932,1.72803E-05
Jordan,0.7,9146.08727,9164.722932,0.002033412
Japan,0.7,8798.020335,9164.722932,0.040012404
Kenya,0.7,9156.573319,9164.722932,0.000889237
Cambodia,0.7,9155.665946,9164.722932,0.000988244
Kiribati,0.7,9161.3887,9164.722932,0.000363812
Saint Kitts and Nevis,0.7,9161.902159,9164.722932,0.000307786
South Korea,0.7,8834.598385,9164.722932,0.036021225
Kuwait,0.7,9145.281385,9164.722932,0.002121346
Lebanon,0.7,9136.407795,9164.722932,0.003089579
Liberia,0.7,9160.884576,9164.722932,0.000418819
Libya,0.7,9155.193219,9164.722932,0.001039826
Saint Lucia,0.7,9160.537415,9164.722932,0.000456699
Sri Lanka,0.7,9109.245055,9164.722932,0.006053416
Lithuania,0.7,9159.239727,9164.722932,0.000598295
Latvia,0.7,9161.818414,9164.722932,0.000316924
Morocco,0.7,9092.009139,9164.722932,0.007934096
Madagascar,0.7,9150.8622,9164.722932,0.001512401
Maldives,0.7,9157.097683,9164.722932,0.000832022
Mexico,0.7,9046.354658,9164.722932,0.012915641
Marshall Islands,0.7,9160.167019,9164.722932,0.000497114
Malta,0.7,9118.440989,9164.722932,0.00505001
Myanmar,0.7,9159.454688,9164.722932,0.000574839
Montenegro,0.7,9164.542987,9164.722932,1.96346E-05
Northern Mariana Islands,0.7,9163.257611,9164.722932,0.000159887
Mozambique,0.7,9151.622668,9164.722932,0.001429423
Mauritania,0.7,9154.168263,9164.722932,0.001151663
Martinique,0.7,9160.134568,9164.722932,0.000500655
Mauritius,0.7,9144.237378,9164.722932,0.002235262
Malaysia,0.7,8970.761861,9164.722932,0.021163877
Mayotte,0.7,9161.627161,9164.722932,0.000337792
Namibia,0.7,9151.334591,9164.722932,0.001460856
New Caledonia,0.7,9155.591778,9164.722932,0.000996337
Nigeria,0.7,9135.703586,9164.722932,0.003166418
Nicaragua,0.7,9155.325166,9164.722932,0.001025428
Niue,0.7,9164.214598,9164.722932,5.54664E-05
Netherlands,0.7,8981.819566,9164.722932,0.019957326
"Norway, Svalbard and Jan Mayen",0.7,9092.133438,9164.722932,0.007920533
Nauru,0.7,9164.166529,9164.722932,6.07114E-05
New Zealand,0.7,9038.692427,9164.722932,0.013751698
Oman,0.7,9112.669683,9164.722932,0.005679741
Pakistan,0.7,9119.738962,9164.722932,0.004908383
Panama,0.7,9054.862841,9164.722932,0.011987279
Peru,0.7,9111.660261,9164.722932,0.005789883
Philippines,0.7,9042.840499,9164.722932,0.013299085
Palau,0.7,9161.701572,9164.722932,0.000329673
Papua New Guinea,0.7,9136.800043,9164.722932,0.003046779
Poland,0.7,9128.860815,9164.722932,0.003913061
Puerto Rico,0.7,9160.776976,9164.722932,0.000430559
Portugal,0.7,9104.759162,9164.722932,0.00654289
Paraguay,0.7,9164.259867,9164.722932,5.05269E-05
French Polynesia,0.7,9157.918587,9164.722932,0.00074245
Qatar,0.7,9146.031116,9164.722932,0.00203954
Reunion,0.7,9148.885177,9164.722932,0.001728122
Romania,0.7,9157.66503,9164.722932,0.000770116
Russia,0.7,9078.405519,9164.722932,0.009418442
Saudi Arabia,0.7,9049.118865,9164.722932,0.012614027
Sudan,0.7,9152.634048,9164.722932,0.001319067
Senegal,0.7,9154.67639,9164.722932,0.001096219
Singapore,0.7,8838.240344,9164.722932,0.035623836
Solomon Islands,0.7,9160.215275,9164.722932,0.000491849
Sierra Leone,0.7,9159.980773,9164.722932,0.000517436
El Salvador,0.7,9155.174824,9164.722932,0.001041833
Somalia,0.7,9153.363772,9164.722932,0.001239444
Sao Tome and Principe,0.7,9162.408524,9164.722932,0.000252534
Suriname,0.7,9163.817109,9164.722932,9.8838E-05
Slovenia,0.7,9145.134,9164.722932,0.002137428
Sweden,0.7,9109.932685,9164.722932,0.005978385
Sint Maarten,0.7,9147.51622,9164.722932,0.001877494
Seychelles,0.7,9160.223469,9164.722932,0.000490955
Syria,0.7,9158.777396,9164.722932,0.000648741
Turks and Caicos Islands,0.7,9162.390113,9164.722932,0.000254543
Togo,0.7,9148.640217,9164.722932,0.00175485
Thailand,0.7,9110.733716,9164.722932,0.005890982
Tokelau,0.7,9163.976582,9164.722932,8.14373E-05
East Timor,0.7,9163.901825,9164.722932,8.95943E-05
Tonga,0.7,9161.134523,9164.722932,0.000391546
Trinidad and Tobago,0.7,9158.853408,9164.722932,0.000640447
Tunisia,0.7,9156.879312,9164.722932,0.000855849
Turkey,0.7,9011.692657,9164.722932,0.016697752
Tuvalu,0.7,9164.265782,9164.722932,4.98814E-05
Tanzania,0.7,9153.502741,9164.722932,0.00122428
Ukraine,0.7,9139.067529,9164.722932,0.002799365
Uruguay,0.7,9138.691396,9164.722932,0.002840406
United States,0.7,8727.256533,9164.722932,0.047733729
Saint Vincent and the Grenadines,0.7,9163.21179,9164.722932,0.000164887
Venezuela,0.7,9157.379947,9164.722932,0.000801223
British Virgin Islands,0.7,9163.705018,9164.722932,0.000111069
U.S. Virgin Islands,0.7,9161.882666,9164.722932,0.000309913
Vietnam,0.7,9048.036972,9164.722932,0.012732077
Vanuatu,0.7,9157.583857,9164.722932,0.000778973
Wallis and Futuna,0.7,9163.807825,9164.722932,9.98511E-05
Samoa,0.7,9162.095663,9164.722932,0.000286672
Yemen,0.7,9159.033368,9164.722932,0.000620811
South Africa,0.7,9110.829358,9164.722932,0.005880546
Aruba,0.8,9160.231181,9164.722932,0.000490113
Angola,0.8,9142.34685,9164.722932,0.002441545
Anguilla,0.8,9162.743508,9164.722932,0.000215983
Albania,0.8,9164.148124,9164.722932,6.27197E-05
United Arab Emirates,0.8,8950.280614,9164.722932,0.023398669
Argentina,0.8,9108.966031,9164.722932,0.006083861
American Samoa,0.8,9162.214262,9164.722932,0.000273731
Antigua and Barbuda,0.8,9163.50015,9164.722932,0.000133423
Australia,0.8,9001.539852,9164.722932,0.017805566
Belgium,0.8,9052.359219,9164.722932,0.012260459
Benin,0.8,9146.491753,9164.722932,0.001989278
Bangladesh,0.8,9155.308802,9164.722932,0.001027214
Bulgaria,0.8,9155.040023,9164.722932,0.001056541
Bahrain,0.8,9150.70397,9164.722932,0.001529666
Bahamas,0.8,9146.757968,9164.722932,0.00196023
Saint Barthelemy,0.8,9162.707778,9164.722932,0.000219882
Belize,0.8,9157.009431,9164.722932,0.000841651
Bermuda,0.8,9164.171101,9164.722932,6.02125E-05
Brazil,0.8,8939.32804,9164.722932,0.024593749
Barbados,0.8,9162.31045,9164.722932,0.000263236
Brunei,0.8,9160.456936,9164.722932,0.00046548
Canada,0.8,9082.350783,9164.722932,0.008987958
Chile,0.8,9024.130543,9164.722932,0.015340604
China,0.8,7886.576053,9164.722932,0.139463777
Ivory Coast,0.8,9137.47647,9164.722932,0.002972972
Cameroon,0.8,9155.465501,9164.722932,0.001010116
Democratic Republic of the Congo,0.8,9160.027441,9164.722932,0.000512344
Republic of the Congo,0.8,9146.904359,9164.722932,0.001944257
Cook Islands,0.8,9162.267837,9164.722932,0.000267885
Colombia,0.8,9077.502715,9164.722932,0.009516951
Comoros,0.8,9163.140274,9164.722932,0.00017269
Cape Verde,0.8,9155.476928,9164.722932,0.001008869
Costa Rica,0.8,9147.588746,9164.722932,0.00186958
Cuba,0.8,9149.26552,9164.722932,0.001686621
Curacao,0.8,9160.655514,9164.722932,0.000443812
Christmas Island,0.8,9164.446967,9164.722932,3.01117E-05
Cayman Islands,0.8,9164.283508,9164.722932,4.79473E-05
Cyprus,0.8,9151.156922,9164.722932,0.001480242
Germany,0.8,8965.452012,9164.722932,0.021743256
Djibouti,0.8,9145.522539,9164.722932,0.002095033
Dominica,0.8,9163.185268,9164.722932,0.000167781
Denmark,0.8,9121.026982,9164.722932,0.004767842
Dominican Republic,0.8,9124.366618,9164.722932,0.004403441
Algeria,0.8,9130.253992,9164.722932,0.003761046
Ecuador,0.8,9130.859001,9164.722932,0.003695031
Egypt,0.8,9071.236543,9164.722932,0.010200678
Eritrea,0.8,9162.747662,9164.722932,0.00021553
Spain,0.8,8904.807933,9164.722932,0.028360377
Estonia,0.8,9159.616685,9164.722932,0.000557163
Finland,0.8,9138.693564,9164.722932,0.00284017
Fiji,0.8,9158.799676,9164.722932,0.00064631
Falkland Islands,0.8,9164.429929,9164.722932,3.19707E-05
France,0.8,9003.515807,9164.722932,0.017589962
Faroe Islands,0.8,9160.414621,9164.722932,0.000470097
Micronesia,0.8,9158.274202,9164.722932,0.000703647
Gabon,0.8,9149.957944,9164.722932,0.001611068
United Kingdom,0.8,8998.401678,9164.722932,0.018147985
Georgia,0.8,9159.931015,9164.722932,0.000522865
Guernsey,0.8,9164.406205,9164.722932,3.45594E-05
Ghana,0.8,9141.031274,9164.722932,0.002585093
Gibraltar,0.8,9161.7937,9164.722932,0.00031962
Guinea,0.8,9160.005492,9164.722932,0.000514739
Guadeloupe,0.8,9161.694106,9164.722932,0.000330487
Gambia,0.8,9162.053985,9164.722932,0.00029122
Guinea-Bissau,0.8,9161.894286,9164.722932,0.000308645
Equatorial Guinea,0.8,9153.909491,9164.722932,0.001179898
Greece,0.8,9105.014808,9164.722932,0.006514995
Grenada,0.8,9162.911334,9164.722932,0.000197671
Greenland,0.8,9149.449863,9164.722932,0.001666506
Guatemala,0.8,9141.469397,9164.722932,0.002537287
French Guiana,0.8,9158.968142,9164.722932,0.000627928
Guam,0.8,9160.089181,9164.722932,0.000505607
Guyana,0.8,9162.753793,9164.722932,0.000214861
Honduras,0.8,9153.17098,9164.722932,0.00126048
Croatia,0.8,9146.247406,9164.722932,0.002015939
Haiti,0.8,9157.915536,9164.722932,0.000742782
Indonesia,0.8,9035.506676,9164.722932,0.014099309
India,0.8,8980.578814,9164.722932,0.02009271
Ireland,0.8,9147.401984,9164.722932,0.001889959
Iran,0.8,9124.622643,9164.722932,0.004375505
Iraq,0.8,9148.364588,9164.722932,0.001784925
Iceland,0.8,9150.917532,9164.722932,0.001506363
Israel,0.8,9122.372594,9164.722932,0.004621017
Italy,0.8,8951.758648,9164.722932,0.023237395
Jamaica,0.8,9143.454692,9164.722932,0.002320664
Jersey,0.8,9164.564563,9164.722932,1.72803E-05
Jordan,0.8,9143.005321,9164.722932,0.002369696
Japan,0.8,8759.878726,9164.722932,0.044174189
Kenya,0.8,9155.270479,9164.722932,0.001031395
Cambodia,0.8,9154.294296,9164.722932,0.001137911
Kiribati,0.8,9161.3887,9164.722932,0.000363812
Saint Kitts and Nevis,0.8,9161.902159,9164.722932,0.000307786
South Korea,0.8,8814.913899,9164.722932,0.038169079
Kuwait,0.8,9142.986413,9164.722932,0.00237176
Lebanon,0.8,9133.386739,9164.722932,0.003419219
Liberia,0.8,9160.884576,9164.722932,0.000418819
Libya,0.8,9154.311598,9164.722932,0.001136023
Saint Lucia,0.8,9160.286073,9164.722932,0.000484124
Sri Lanka,0.8,9104.599486,9164.722932,0.006560312
Lithuania,0.8,9157.711087,9164.722932,0.000765091
Latvia,0.8,9161.453553,9164.722932,0.000356735
Morocco,0.8,9086.333268,9164.722932,0.008553413
Madagascar,0.8,9146.503385,9164.722932,0.001988009
Maldives,0.8,9157.097683,9164.722932,0.000832022
Mexico,0.8,9030.126245,9164.722932,0.014686389
Marshall Islands,0.8,9158.19917,9164.722932,0.000711834
Malta,0.8,9114.402251,9164.722932,0.005490693
Myanmar,0.8,9158.886936,9164.722932,0.000636789
Montenegro,0.8,9163.612543,9164.722932,0.000121159
Northern Mariana Islands,0.8,9163.257611,9164.722932,0.000159887
Mozambique,0.8,9149.941461,9164.722932,0.001612866
Mauritania,0.8,9153.303466,9164.722932,0.001246024
Martinique,0.8,9159.477207,9164.722932,0.000572382
Mauritius,0.8,9142.853193,9164.722932,0.002386296
Malaysia,0.8,8949.581425,9164.722932,0.02347496
Mayotte,0.8,9161.627161,9164.722932,0.000337792
Namibia,0.8,9149.274967,9164.722932,0.00168559
New Caledonia,0.8,9152.112035,9164.722932,0.001376026
Nigeria,0.8,9134.677539,9164.722932,0.003278374
Nicaragua,0.8,9155.325166,9164.722932,0.001025428
Niue,0.8,9163.581308,9164.722932,0.000124567
Netherlands,0.8,8976.988234,9164.722932,0.020484492
"Norway, Svalbard and Jan Mayen",0.8,9086.404162,9164.722932,0.008545678
Nauru,0.8,9164.166529,9164.722932,6.07114E-05
New Zealand,0.8,9033.643827,9164.722932,0.014302571
Oman,0.8,9107.720312,9164.722932,0.006219787
Pakistan,0.8,9111.91303,9164.722932,0.005762302
Panama,0.8,9045.581431,9164.722932,0.013000011
Peru,0.8,9107.533856,9164.722932,0.006240131
Philippines,0.8,9029.6001,9164.722932,0.014743799
Palau,0.8,9161.701572,9164.722932,0.000329673
Papua New Guinea,0.8,9135.276062,9164.722932,0.003213067
Poland,0.8,9119.094442,9164.722932,0.004978709
Puerto Rico,0.8,9160.82995,9164.722932,0.000424779
Portugal,0.8,9097.933818,9164.722932,0.00728763
Paraguay,0.8,9164.259867,9164.722932,5.05269E-05
French Polynesia,0.8,9157.918587,9164.722932,0.00074245
Qatar,0.8,9144.254601,9164.722932,0.002233382
Reunion,0.8,9145.970736,9164.722932,0.002046128
Romania,0.8,9154.996579,9164.722932,0.001061282
Russia,0.8,9071.62226,9164.722932,0.010158591
Saudi Arabia,0.8,9040.761772,9164.722932,0.013525904
Sudan,0.8,9152.634048,9164.722932,0.001319067
Senegal,0.8,9153.551664,9164.722932,0.001218942
Singapore,0.8,8826.549574,9164.722932,0.036899463
Solomon Islands,0.8,9158.546439,9164.722932,0.000673942
Sierra Leone,0.8,9159.980773,9164.722932,0.000517436
El Salvador,0.8,9155.174824,9164.722932,0.001041833
Somalia,0.8,9153.363772,9164.722932,0.001239444
Sao Tome and Principe,0.8,9162.408524,9164.722932,0.000252534
Suriname,0.8,9163.817109,9164.722932,9.8838E-05
Slovenia,0.8,9146.075846,9164.722932,0.002034659
Sweden,0.8,9103.099038,9164.722932,0.006724032
Sint Maarten,0.8,9147.51622,9164.722932,0.001877494
Seychelles,0.8,9160.223469,9164.722932,0.000490955
Syria,0.8,9157.270971,9164.722932,0.000813114
Turks and Caicos Islands,0.8,9161.416121,9164.722932,0.00036082
Togo,0.8,9147.315987,9164.722932,0.001899342
Thailand,0.8,9104.563923,9164.722932,0.006564193
Tokelau,0.8,9163.976582,9164.722932,8.14373E-05
East Timor,0.8,9163.901825,9164.722932,8.95943E-05
Tonga,0.8,9160.942706,9164.722932,0.000412476
Trinidad and Tobago,0.8,9158.311897,9164.722932,0.000699534
Tunisia,0.8,9155.675272,9164.722932,0.000987227
Turkey,0.8,8997.72892,9164.722932,0.018221392
Tuvalu,0.8,9164.265782,9164.722932,4.98814E-05
Tanzania,0.8,9152.285173,9164.722932,0.001357134
Ukraine,0.8,9132.164563,9164.722932,0.003552575
Uruguay,0.8,9137.156475,9164.722932,0.003007888
United States,0.8,8690.691572,9164.722932,0.05172348
Saint Vincent and the Grenadines,0.8,9163.032832,9164.722932,0.000184414
Venezuela,0.8,9155.347302,9164.722932,0.001023013
British Virgin Islands,0.8,9163.705018,9164.722932,0.000111069
U.S. Virgin Islands,0.8,9161.416274,9164.722932,0.000360803
Vietnam,0.8,9032.108012,9164.722932,0.01447015
Vanuatu,0.8,9157.583857,9164.722932,0.000778973
Wallis and Futuna,0.8,9163.807825,9164.722932,9.98511E-05
Samoa,0.8,9162.095663,9164.722932,0.000286672
Yemen,0.8,9158.146601,9164.722932,0.00071757
South Africa,0.8,9105.240731,9164.722932,0.006490344
Aruba,0.9,9160.231181,9164.722932,0.000490113
Angola,0.9,9137.282157,9164.722932,0.002994174
Anguilla,0.9,9162.743508,9164.722932,0.000215983
Albania,0.9,9164.148124,9164.722932,6.27197E-05
United Arab Emirates,0.9,8945.695564,9164.722932,0.023898962
Argentina,0.9,9104.626424,9164.722932,0.006557373
American Samoa,0.9,9162.214262,9164.722932,0.000273731
Antigua and Barbuda,0.9,9162.686573,9164.722932,0.000222195
Australia,0.9,8983.51417,9164.722932,0.019772421
Belgium,0.9,9054.102275,9164.722932,0.012070267
Benin,0.9,9145.746116,9164.722932,0.002070637
Bangladesh,0.9,9153.240738,9164.722932,0.001252869
Bulgaria,0.9,9154.64868,9164.722932,0.001099242
Bahrain,0.9,9147.03745,9164.722932,0.001929735
Bahamas,0.9,9144.72836,9164.722932,0.002181689
Saint Barthelemy,0.9,9162.792534,9164.722932,0.000210634
Belize,0.9,9157.009431,9164.722932,0.000841651
Bermuda,0.9,9163.868019,9164.722932,9.3283E-05
Brazil,0.9,8901.359873,9164.722932,0.028736609
Barbados,0.9,9162.051528,9164.722932,0.000291488
Brunei,0.9,9160.456936,9164.722932,0.00046548
Canada,0.9,9065.420723,9164.722932,0.010835266
Chile,0.9,8998.987848,9164.722932,0.018084026
China,0.9,7943.506269,9164.722932,0.133251891
Ivory Coast,0.9,9136.415449,9164.722932,0.003088744
Cameroon,0.9,9154.24808,9164.722932,0.001142953
Democratic Republic of the Congo,0.9,9160.678645,9164.722932,0.000441289
Republic of the Congo,0.9,9145.573547,9164.722932,0.002089467
Cook Islands,0.9,9162.267837,9164.722932,0.000267885
Colombia,0.9,9072.206427,9164.722932,0.01009485
Comoros,0.9,9160.127255,9164.722932,0.000501453
Cape Verde,0.9,9154.817686,9164.722932,0.001080802
Costa Rica,0.9,9145.0149,9164.722932,0.002150423
Cuba,0.9,9149.26552,9164.722932,0.001686621
Curacao,0.9,9160.655514,9164.722932,0.000443812
Christmas Island,0.9,9164.446967,9164.722932,3.01117E-05
Cayman Islands,0.9,9163.859053,9164.722932,9.42614E-05
Cyprus,0.9,9148.54927,9164.722932,0.001764774
Germany,0.9,8967.375428,9164.722932,0.021533385
Djibouti,0.9,9142.670678,9164.722932,0.002406211
Dominica,0.9,9161.665404,9164.722932,0.000333619
Denmark,0.9,9119.559056,9164.722932,0.004928013
Dominican Republic,0.9,9121.900904,9164.722932,0.004672485
Algeria,0.9,9126.234948,9164.722932,0.00419958
Ecuador,0.9,9127.957703,9164.722932,0.004011603
Egypt,0.9,9069.675746,9164.722932,0.010370983
Eritrea,0.9,9162.747662,9164.722932,0.00021553
Spain,0.9,8891.631196,9164.722932,0.029798144
Estonia,0.9,9159.616685,9164.722932,0.000557163
Finland,0.9,9136.393072,9164.722932,0.003091186
Fiji,0.9,9158.602207,9164.722932,0.000667857
Falkland Islands,0.9,9164.429929,9164.722932,3.19707E-05
France,0.9,8999.88998,9164.722932,0.01798559
Faroe Islands,0.9,9160.414621,9164.722932,0.000470097
Micronesia,0.9,9158.274202,9164.722932,0.000703647
Gabon,0.9,9149.957944,9164.722932,0.001611068
United Kingdom,0.9,8987.211071,9164.722932,0.019369037
Georgia,0.9,9158.791509,9164.722932,0.000647202
Guernsey,0.9,9164.406205,9164.722932,3.45594E-05
Ghana,0.9,9140.005516,9164.722932,0.002697017
Gibraltar,0.9,9161.7937,9164.722932,0.00031962
Guinea,0.9,9160.005492,9164.722932,0.000514739
Guadeloupe,0.9,9161.694106,9164.722932,0.000330487
Gambia,0.9,9162.053985,9164.722932,0.00029122
Guinea-Bissau,0.9,9161.046257,9164.722932,0.000401177
Equatorial Guinea,0.9,9153.909491,9164.722932,0.001179898
Greece,0.9,9103.151664,9164.722932,0.00671829
Grenada,0.9,9162.911334,9164.722932,0.000197671
Greenland,0.9,9149.449863,9164.722932,0.001666506
Guatemala,0.9,9139.962851,9164.722932,0.002701673
French Guiana,0.9,9158.968142,9164.722932,0.000627928
Guam,0.9,9160.089181,9164.722932,0.000505607
Guyana,0.9,9162.753793,9164.722932,0.000214861
Honduras,0.9,9151.928728,9164.722932,0.001396027
Croatia,0.9,9146.247406,9164.722932,0.002015939
Haiti,0.9,9157.60644,9164.722932,0.000776509
Indonesia,0.9,9020.198371,9164.722932,0.01576966
India,0.9,8973.723648,9164.722932,0.020840705
Ireland,0.9,9146.825918,9164.722932,0.001952816
Iran,0.9,9121.307952,9164.722932,0.004737184
Iraq,0.9,9147.086521,9164.722932,0.00192438
Iceland,0.9,9150.917532,9164.722932,0.001506363
Israel,0.9,9120.051117,9164.722932,0.004874323
Italy,0.9,8943.508438,9164.722932,0.024137609
Jamaica,0.9,9141.110827,9164.722932,0.002576412
Jersey,0.9,9164.564563,9164.722932,1.72803E-05
Jordan,0.9,9142.961939,9164.722932,0.00237443
Japan,0.9,8725.758916,9164.722932,0.04789714
Kenya,0.9,9155.005561,9164.722932,0.001060302
Cambodia,0.9,9154.548767,9164.722932,0.001110144
Kiribati,0.9,9160.226572,9164.722932,0.000490616
Saint Kitts and Nevis,0.9,9161.49747,9164.722932,0.000351943
South Korea,0.9,8807.515915,9164.722932,0.038976303
Kuwait,0.9,9145.761619,9164.722932,0.002068946
Lebanon,0.9,9130.706774,9164.722932,0.003711641
Liberia,0.9,9160.884576,9164.722932,0.000418819
Libya,0.9,9152.762476,9164.722932,0.001305054
Saint Lucia,0.9,9160.286073,9164.722932,0.000484124
Sri Lanka,0.9,9102.463071,9164.722932,0.006793425
Lithuania,0.9,9157.514329,9164.722932,0.00078656
Latvia,0.9,9161.588614,9164.722932,0.000341998
Morocco,0.9,9086.061085,9164.722932,0.008583112
Madagascar,0.9,9145.184287,9164.722932,0.002131941
Maldives,0.9,9157.097683,9164.722932,0.000832022
Mexico,0.9,9018.442856,9164.722932,0.015961211
Marshall Islands,0.9,9158.19917,9164.722932,0.000711834
Malta,0.9,9114.990762,9164.722932,0.005426478
Myanmar,0.9,9158.469211,9164.722932,0.000682369
Montenegro,0.9,9163.612543,9164.722932,0.000121159
Northern Mariana Islands,0.9,9161.921572,9164.722932,0.000305668
Mozambique,0.9,9149.941461,9164.722932,0.001612866
Mauritania,0.9,9153.303466,9164.722932,0.001246024
Martinique,0.9,9159.477207,9164.722932,0.000572382
Mauritius,0.9,9141.5976,9164.722932,0.002523298
Malaysia,0.9,8930.184155,9164.722932,0.025591475
Mayotte,0.9,9161.627161,9164.722932,0.000337792
Namibia,0.9,9149.274967,9164.722932,0.00168559
New Caledonia,0.9,9152.212409,9164.722932,0.001365074
Nigeria,0.9,9129.396491,9164.722932,0.003854611
Nicaragua,0.9,9155.325166,9164.722932,0.001025428
Niue,0.9,9163.581308,9164.722932,0.000124567
Netherlands,0.9,8980.945886,9164.722932,0.020052657
"Norway, Svalbard and Jan Mayen",0.9,9081.387575,9164.722932,0.009093058
Nauru,0.9,9164.166529,9164.722932,6.07114E-05
New Zealand,0.9,9013.505462,9164.722932,0.01649995
Oman,0.9,9105.841705,9164.722932,0.006424769
Pakistan,0.9,9107.754597,9164.722932,0.006216046
Panama,0.9,9041.175444,9164.722932,0.013480766
Peru,0.9,9101.815877,9164.722932,0.006864043
Philippines,0.9,9022.414423,9164.722932,0.015527857
Palau,0.9,9161.701572,9164.722932,0.000329673
Papua New Guinea,0.9,9130.29916,9164.722932,0.003756117
Poland,0.9,9117.60418,9164.722932,0.005141318
Puerto Rico,0.9,9160.54398,9164.722932,0.000455982
Portugal,0.9,9091.454296,9164.722932,0.007994637
Paraguay,0.9,9164.259867,9164.722932,5.05269E-05
French Polynesia,0.9,9157.918587,9164.722932,0.00074245
Qatar,0.9,9141.964626,9164.722932,0.002483251
Reunion,0.9,9144.701738,9164.722932,0.002184593
Romania,0.9,9154.07457,9164.722932,0.001161886
Russia,0.9,9069.517847,9164.722932,0.010388212
Saudi Arabia,0.9,9032.675837,9164.722932,0.014408193
Sudan,0.9,9152.634048,9164.722932,0.001319067
Senegal,0.9,9153.304899,9164.722932,0.001245868
Singapore,0.9,8828.458563,9164.722932,0.036691166
Solomon Islands,0.9,9158.210229,9164.722932,0.000710627
Sierra Leone,0.9,9159.980773,9164.722932,0.000517436
El Salvador,0.9,9155.174824,9164.722932,0.001041833
Somalia,0.9,9152.62074,9164.722932,0.001320519
Sao Tome and Principe,0.9,9162.408524,9164.722932,0.000252534
Suriname,0.9,9162.305868,9164.722932,0.000263736
Slovenia,0.9,9147.980831,9164.722932,0.001826798
Sweden,0.9,9100.311855,9164.722932,0.007028153
Sint Maarten,0.9,9146.718221,9164.722932,0.001964567
Seychelles,0.9,9156.699327,9164.722932,0.000875488
Syria,0.9,9156.729607,9164.722932,0.000872184
Turks and Caicos Islands,0.9,9161.416121,9164.722932,0.00036082
Togo,0.9,9147.506116,9164.722932,0.001878596
Thailand,0.9,9098.324303,9164.722932,0.007245023
Tokelau,0.9,9163.976582,9164.722932,8.14373E-05
East Timor,0.9,9163.445136,9164.722932,0.000139426
Tonga,0.9,9160.942706,9164.722932,0.000412476
Trinidad and Tobago,0.9,9158.151493,9164.722932,0.000717036
Tunisia,0.9,9155.092572,9164.722932,0.001050807
Turkey,0.9,8990.855903,9164.722932,0.018971335
Tuvalu,0.9,9164.265782,9164.722932,4.98814E-05
Tanzania,0.9,9147.914738,9164.722932,0.00183401
Ukraine,0.9,9131.300991,9164.722932,0.003646803
Uruguay,0.9,9136.352551,9164.722932,0.003095607
United States,0.9,8672.829664,9164.722932,0.053672465
Saint Vincent and the Grenadines,0.9,9163.032832,9164.722932,0.000184414
Venezuela,0.9,9154.05431,9164.722932,0.001164096
British Virgin Islands,0.9,9163.529655,9164.722932,0.000130203
U.S. Virgin Islands,0.9,9161.416274,9164.722932,0.000360803
Vietnam,0.9,9015.501364,9164.722932,0.016282169
Vanuatu,0.9,9156.526931,9164.722932,0.000894299
Wallis and Futuna,0.9,9163.807825,9164.722932,9.98511E-05
Samoa,0.9,9162.071574,9164.722932,0.0002893
Yemen,0.9,9156.244197,9164.722932,0.000925149
South Africa,0.9,9100.424524,9164.722932,0.007015859
United States,1,7995.100594,9164.722932,0.127622226
Belgium,1,8944.697607,9164.722932,0.024007853
Germany,1,8784.445536,9164.722932,0.041493605
Netherlands,1,8881.707165,9164.722932,0.030880995
United Kingdom,1,8780.689177,9164.722932,0.041903477
France,1,8819.569043,9164.722932,0.037661137
Mexico,1,8848.156192,9164.722932,0.034541878
Bahamas,1,9112.157902,9164.722932,0.005735583
Panama,1,8908.255957,9164.722932,0.027984149
Canada,1,8944.493388,9164.722932,0.024030137
Guatemala,1,9108.305203,9164.722932,0.006155967
Dominican Republic,1,9074.301908,9164.722932,0.009866204
Colombia,1,8979.030864,9164.722932,0.020261613
Italy,1,8637.790363,9164.722932,0.057495745
Spain,1,8639.395007,9164.722932,0.057320655
Portugal,1,9021.236054,9164.722932,0.015656434
Malta,1,9066.866411,9164.722932,0.010677521
Israel,1,9063.021237,9164.722932,0.011097083
Turkey,1,8795.657345,9164.722932,0.040270239
Greece,1,9043.301021,9164.722932,0.013248836
Morocco,1,9011.984818,9164.722932,0.016665874
Egypt,1,8940.267349,9164.722932,0.024491257
Bermuda,1,9163.013997,9164.722932,0.000186469
Denmark,1,9050.848295,9164.722932,0.012425322
Iceland,1,9136.607375,9164.722932,0.003067802
Faroe Islands,1,9155.649637,9164.722932,0.000990024
Sweden,1,9046.916341,9164.722932,0.012854354
"Norway, Svalbard and Jan Mayen",1,9001.306355,9164.722932,0.017831044
Poland,1,9076.994676,9164.722932,0.009572385
Greenland,1,9134.6219,9164.722932,0.003284445
Cape Verde,1,9144.260889,9164.722932,0.002232696
Mauritania,1,9132.532168,9164.722932,0.003512465
Japan,1,8369.54422,9164.722932,0.086765167
South Korea,1,8611.809907,9164.722932,0.060330577
China,1,6487.947668,9164.722932,0.292073779
Vietnam,1,8899.683728,9164.722932,0.0289195
India,1,8721.684333,9164.722932,0.048341734
Thailand,1,9048.144611,9164.722932,0.012720332
Sri Lanka,1,9042.33609,9164.722932,0.013354124
Singapore,1,8721.994622,9164.722932,0.048307877
United Arab Emirates,1,8798.408915,9164.722932,0.039970005
Guam,1,9154.681985,9164.722932,0.001095608
Jamaica,1,9116.291338,9164.722932,0.005284567
Russia,1,8974.533868,9164.722932,0.020752298
Oman,1,9028.606744,9164.722932,0.014852188
Malaysia,1,8731.826511,9164.722932,0.04723508
Saudi Arabia,1,8875.050586,9164.722932,0.031607322
Indonesia,1,8913.495173,9164.722932,0.027412477
Lebanon,1,9093.430144,9164.722932,0.007779045
Ukraine,1,9091.29039,9164.722932,0.008012522
Romania,1,9133.845501,9164.722932,0.003369161
Croatia,1,9107.082664,9164.722932,0.006289363
Slovenia,1,9111.387488,9164.722932,0.005819646
Iran,1,9081.627295,9164.722932,0.009066901
Pakistan,1,9045.870639,9164.722932,0.012968455
Jordan,1,9115.390647,9164.722932,0.005382845
Djibouti,1,9117.361993,9164.722932,0.005167744
Qatar,1,9117.144651,9164.722932,0.005191459
Iraq,1,9129.302954,9164.722932,0.003864817
Philippines,1,8904.603119,9164.722932,0.028382725
Bahrain,1,9129.383893,9164.722932,0.003855986
Myanmar,1,9151.319137,9164.722932,0.001462542
Sudan,1,9139.494016,9164.722932,0.002752829
Yemen,1,9148.049282,9164.722932,0.001819329
Kuwait,1,9131.962828,9164.722932,0.003574587
Somalia,1,9139.457755,9164.722932,0.002756786
Eritrea,1,9160.772393,9164.722932,0.000431059
South Africa,1,9010.023373,9164.722932,0.016879895
Namibia,1,9129.224978,9164.722932,0.003873325
Tanzania,1,9127.940136,9164.722932,0.00401352
Kenya,1,9142.103343,9164.722932,0.002468115
Mozambique,1,9119.355288,9164.722932,0.004950247
Mauritius,1,9108.610008,9164.722932,0.006122708
Reunion,1,9114.975322,9164.722932,0.005428163
Madagascar,1,9124.375566,9164.722932,0.004402464
Seychelles,1,9150.042514,9164.722932,0.00160184
Maldives,1,9149.472435,9164.722932,0.001664043
Republic of the Congo,1,9121.825052,9164.722932,0.004680761
Nigeria,1,9089.964401,9164.722932,0.008157206
Benin,1,9121.101091,9164.722932,0.004759756
Ghana,1,9108.912035,9164.722932,0.006089753
Mayotte,1,9155.413968,9164.722932,0.001015739
Comoros,1,9155.646537,9164.722932,0.000990362
Angola,1,9089.83804,9164.722932,0.008170994
Togo,1,9123.472153,9164.722932,0.004501039
Gabon,1,9132.358966,9164.722932,0.003531363
Senegal,1,9133.955664,9164.722932,0.003357141
Ivory Coast,1,9098.833998,9164.722932,0.007189408
Guinea-Bissau,1,9157.376914,9164.722932,0.000801554
Cameroon,1,9136.51744,9164.722932,0.003077615
Gambia,1,9155.925767,9164.722932,0.000959894
Liberia,1,9154.28118,9164.722932,0.001139342
Sierra Leone,1,9151.903018,9164.722932,0.001398833
Guinea,1,9151.915319,9164.722932,0.00139749
Equatorial Guinea,1,9137.123815,9164.722932,0.003011451
Sao Tome and Principe,1,9160.094116,9164.722932,0.000505069
Estonia,1,9152.973592,9164.722932,0.001282018
Brazil,1,8510.722568,9164.722932,0.071360626
Uruguay,1,9096.314353,9164.722932,0.007464337
Argentina,1,9030.754867,9164.722932,0.014617798
Gibraltar,1,9158.864469,9164.722932,0.000639241
Finland,1,9113.195572,9164.722932,0.005622359
Ireland,1,9132.243751,9164.722932,0.003543935
Algeria,1,9090.404399,9164.722932,0.008109196
Tunisia,1,9144.34805,9164.722932,0.002223186
Democratic Republic of the Congo,1,9156.637412,9164.722932,0.000882244
Honduras,1,9140.295571,9164.722932,0.002665368
Costa Rica,1,9129.679697,9164.722932,0.003823709
Guadeloupe,1,9152.3545,9164.722932,0.00134957
Martinique,1,9150.323637,9164.722932,0.001571165
Cuba,1,9130.727342,9164.722932,0.003709396
Belize,1,9149.301023,9164.722932,0.001682747
Curacao,1,9155.237034,9164.722932,0.001035045
Aruba,1,9155.271906,9164.722932,0.00103124
Sint Maarten,1,9139.079478,9164.722932,0.002798061
Grenada,1,9158.618596,9164.722932,0.000666069
Saint Vincent and the Grenadines,1,9158.842276,9164.722932,0.000641662
Barbados,1,9158.363581,9164.722932,0.000693895
Saint Kitts and Nevis,1,9158.288142,9164.722932,0.000702126
Dominica,1,9158.709846,9164.722932,0.000656112
Saint Lucia,1,9154.15995,9164.722932,0.00115257
Trinidad and Tobago,1,9144.832723,9164.722932,0.002170301
Puerto Rico,1,9155.117799,9164.722932,0.001048055
Ecuador,1,9088.934443,9164.722932,0.008269589
Peru,1,9034.860487,9164.722932,0.014169817
U.S. Virgin Islands,1,9157.457278,9164.722932,0.000792785
Venezuela,1,9143.545862,9164.722932,0.002310716
Haiti,1,9150.158608,9164.722932,0.001589172
Suriname,1,9159.888804,9164.722932,0.000527471
Guyana,1,9158.659995,9164.722932,0.000661552
French Guiana,1,9153.278955,9164.722932,0.001248699
Antigua and Barbuda,1,9160.650214,9164.722932,0.000444391
British Virgin Islands,1,9162.336379,9164.722932,0.000260406
Saint Barthelemy,1,9160.862135,9164.722932,0.000421267
Turks and Caicos Islands,1,9158.118471,9164.722932,0.000720639
Nicaragua,1,9144.629147,9164.722932,0.002192514
Cayman Islands,1,9162.996822,9164.722932,0.000188343
Anguilla,1,9160.764084,9164.722932,0.000431966
Chile,1,8771.860507,9164.722932,0.042866809
El Salvador,1,9145.304556,9164.722932,0.002118818
Falkland Islands,1,9164.136926,9164.722932,6.39415E-05
Paraguay,1,9163.796803,9164.722932,0.000101054
New Zealand,1,8858.317389,9164.722932,0.033433149
Australia,1,8809.709316,9164.722932,0.038736972
New Caledonia,1,9138.666288,9164.722932,0.002843146
French Polynesia,1,9145.946267,9164.722932,0.002048798
Papua New Guinea,1,9093.317991,9164.722932,0.007791282
Solomon Islands,1,9150.961776,9164.722932,0.001501535
Vanuatu,1,9146.249199,9164.722932,0.002015744
Fiji,1,9145.543778,9164.722932,0.002092715
Christmas Island,1,9164.171002,9164.722932,6.02233E-05
East Timor,1,9162.16734,9164.722932,0.000278851
Samoa,1,9156.982087,9164.722932,0.000844635
Tonga,1,9154.871705,9164.722932,0.001074907
American Samoa,1,9157.108593,9164.722932,0.000830831
Marshall Islands,1,9151.077833,9164.722932,0.001488872
Kiribati,1,9155.732074,9164.722932,0.000981029
Nauru,1,9163.610126,9164.722932,0.000121423
Tuvalu,1,9163.808633,9164.722932,9.97629E-05
Wallis and Futuna,1,9162.89399,9164.722932,0.000199563
Tokelau,1,9163.232141,9164.722932,0.000162666
Northern Mariana Islands,1,9159.120213,9164.722932,0.000611335
Micronesia,1,9151.846531,9164.722932,0.001404996
Cook Islands,1,9159.818571,9164.722932,0.000535135
Niue,1,9162.439684,9164.722932,0.000249134
Cambodia,1,9146.667596,9164.722932,0.001970091
Bangladesh,1,9141.768972,9164.722932,0.002504599
Brunei,1,9156.494721,9164.722932,0.000897813
Palau,1,9158.680213,9164.722932,0.000659346
Cyprus,1,9138.191996,9164.722932,0.002894898
Libya,1,9137.635347,9164.722932,0.002955636
Latvia,1,9157.055363,9164.722932,0.000836639
Lithuania,1,9152.602541,9164.722932,0.001322505
Guernsey,1,9164.08986,9164.722932,6.9077E-05
Jersey,1,9164.406194,9164.722932,3.45606E-05
Syria,1,9149.693931,9164.722932,0.001639875
Albania,1,9162.059749,9164.722932,0.000290591
Montenegro,1,9162.502155,9164.722932,0.000242318
Bulgaria,1,9146.957175,9164.722932,0.001938494
Georgia,1,9152.867898,9164.722932,0.001293551
