Country Name,e
Albania,1180.1837138531164
Algeria,33097.8502652687
American Samoa,3374.2087753428896
Angola,33062.85419883853
Anguilla,1755.748768380008
Antigua and Barbuda,1806.2500629878248
Argentina,59548.60465020671
Aruba,4120.148816767823
Australia,159927.68085007078
Bahamas,23192.122488143774
Bahrain,15658.705081675957
Bangladesh,10184.706094168958
Barbados,2816.167015687977
Belgium,82631.88981526658
Belize,6841.875335441765
Benin,18935.79826475977
Bermuda,548.001407335379
Brazil,298967.8810345338
British Virgin Islands,1058.4359200949564
Brunei,3649.211514500785
Bulgaria,7881.483238265009
Cambodia,8006.369186459543
Cameroon,12018.725552753056
Canada,95234.8270596579
Cape Verde,9090.824360974979
Cayman Islands,764.7988840012026
Chile,176664.49595680574
China,1165942.4323695363
Christmas Island,244.78083637221468
Colombia,78016.67625409203
Comoros,3985.0059072936474
Cook Islands,2177.6687322270727
Costa Rica,15023.069375671517
Croatia,25568.194022780717
Cuba,14916.191242354069
Curacao,4194.105612774456
Cyprus,11718.50336262484
Democratic Republic of the Congo,3587.2824961190263
Denmark,35877.226048102784
Djibouti,19834.78044435461
Dominica,2621.579833782888
Dominican Republic,35512.77847696441
East Timor,1133.405074937758
Ecuador,33038.97942452872
Egypt,96161.25913945338
El Salvador,8609.91507925506
Equatorial Guinea,12273.378610561524
Eritrea,1752.0640373277915
Estonia,5210.510800336753
Falkland Islands,259.8933642409472
Faroe Islands,4015.90757147767
Fiji,8381.828764298407
Finland,22915.55542947264
France,146800.34884097188
French Guiana,5046.308203672401
French Polynesia,8070.948912631495
Gabon,14369.548479711619
Gambia,3887.499190278916
Georgia,5259.660556302055
Germany,137938.6099925438
Ghana,24557.286508845922
Gibraltar,2598.228107876526
Greece,47736.08190044868
Greenland,13547.211538133499
Grenada,2703.3825916668134
Guadeloupe,5477.46874087538
Guam,4414.373429761291
Guatemala,22313.322353211326
Guernsey,280.93672909953307
Guinea,5679.749388732696
Guinea-Bissau,3254.707775690452
Guyana,2688.9123797612474
Haiti,6458.21387458858
Honduras,10831.494048656175
Iceland,12458.365826033832
India,199208.85838630033
Indonesia,112490.51125348052
Iran,36906.588920438815
Iraq,15709.983188784332
Ireland,14346.542116848621
Israel,42623.933384003205
Italy,230857.61854868135
Ivory Coast,28992.435911569955
Jamaica,18455.23674937892
Japan,365589.23771586444
Jersey,140.47312619622195
Jordan,21060.33392553603
Kenya,9651.633807786004
Kiribati,3987.167894362812
Kuwait,14548.061763530437
Latvia,3400.407781820405
Lebanon,30584.51430367375
Liberia,4562.725632345174
Libya,12096.94212688391
Lithuania,5374.101613101154
Madagascar,17913.11329219623
Malaysia,191219.7174862231
Maldives,6763.595389893415
Malta,35741.854470836195
Marshall Islands,6053.705553063046
Martinique,5458.690892460026
Mauritania,14271.599085284222
Mauritius,24219.4565981114
Mayotte,4118.395931603111
Mexico,139853.19913183036
Micronesia,5720.022840184548
Montenegro,984.9142559327664
Morocco,59504.24559789473
Mozambique,20124.432716641746
Myanmar,5876.675574007658
Namibia,15709.724199812215
Nauru,493.5293254376674
Netherlands,82547.74503859301
New Caledonia,11014.27974714702
New Zealand,137028.81667930062
Nicaragua,8912.079547600983
Nigeria,32489.28979088087
Niue,1012.620136749815
Northern Mariana Islands,2484.8057407974816
"Norway, Svalbard and Jan Mayen",73805.4872392016
Oman,58515.01336733611
Pakistan,52529.42049190556
Palau,2679.94559781667
Panama,102115.30331567548
Papua New Guinea,31856.671590323596
Paraguay,410.7380765634002
Peru,54952.51567395384
Philippines,116747.21317729473
Poland,38367.64306722112
Portugal,58052.348151505066
Puerto Rico,4218.079207220157
Qatar,21009.25503037613
Republic of the Congo,15662.154326537491
Reunion,21218.32734398825
Romania,13596.974289507549
Russia,83480.26280943106
Saint Barthelemy,1712.2631040614017
Saint Kitts and Nevis,2854.8004089445512
Saint Lucia,4681.995577053685
Saint Vincent and the Grenadines,2607.78817051577
Samoa,3418.8598310264947
Sao Tome and Principe,2052.879542475633
Saudi Arabia,118250.03186573647
Senegal,13284.419033293918
Seychelles,5904.592861334187
Sierra Leone,5680.403330239094
Singapore,108429.93931313968
Sint Maarten,5130.595213329838
Slovenia,23511.09822273441
Solomon Islands,6009.912223532419
Somalia,11216.82321909516
South Africa,67842.1909780147
South Korea,201145.05963318323
Spain,204644.31118374903
Sri Lanka,49254.31984506785
Sudan,11189.024282437538
Suriname,2143.9355661757672
Sweden,52386.481425683065
Syria,6668.38340069143
Tanzania,16288.172057755623
Thailand,49921.25039823337
Togo,17842.902318402677
Tokelau,662.0122390245656
Tonga,4370.475169226996
Trinidad and Tobago,8231.482129553377
Tunisia,9043.622533592634
Turkey,159526.01833163394
Turks and Caicos Islands,2933.1412857535142
Tuvalu,405.4914009155334
U.S. Virgin Islands,3122.829237289292
Ukraine,32443.27665911336
United Arab Emirates,121702.20908198338
United Kingdom,169724.35002646752
United States,529729.8062141605
Uruguay,29361.12406074526
Vanuatu,8196.452310978713
Venezuela,9416.967847152306
Vietnam,117263.39004418673
Wallis and Futuna,811.6997500185481
Yemen,7405.80909002595
