port1,e
Aalborg,2167.0937086839995
Aalesund,3677.1625685522126
Aarhus,25839.951120037345
Aasiaat,1231.5503945688372
Abidjan,15747.836857755481
Abu Dhabi,26710.07227695259
Abu Flous,717.4317800885142
Acajutla,8609.91507925506
Adabiya,1397.3651035480955
Adelaide,29955.375236874275
Aden,3091.2508074890416
Agadir,8378.70916608261
Ahus,907.1903671794091
Aitutaki,1070.3766433263024
Ajman,1162.3273967504201
Akita,2736.541935080466
Akureyri,708.7876931430376
Alderney,140.46362769229333
Alexandria,14305.763504462237
Algeciras,33668.84005781967
Algiers,5977.773902278322
Aliaga,10642.545591043454
Alicante,3513.974813265003
Almirante,1410.9034757805716
Alotau,2279.889597846572
Altamira,18790.90969416282
Amsterdam,3126.5711085994194
Anadyr,181.43026534681093
Ancona,6076.44073321243
Andros Island,121.42054704141263
Angra do Heroismo,1329.1537956835061
Anguilla,1755.748768380008
Annaba,3930.134404535058
Antalya,3532.1335724138976
Antofagasta,12350.605448884737
Antsiranana,2913.2709317610866
Antwerp,50347.15999824531
Apia,3418.8598310264947
Aqaba,21060.33392553603
Argentia,1338.125937126388
Arica,7180.511748970291
Arkhangelsk,2055.6968605864827
Arrecife,3033.6806811060587
Arzew,2155.948203250944
Ashdod,18342.028837210986
Asuncion,410.7380765634002
Atafu,220.62986132214183
Auckland,16046.308808674654
Austevoll,2326.6837751974695
Bacolod,5730.732740859274
Bahia Blanca,7895.020107946056
Bahrain,15658.705081675955
Balboa,32394.74804687105
Balikpapan,2110.1622383974695
Baltimore,21073.96555331183
Bandar Abbas,15710.86394008362
Bandar Assaluyeh,4323.984239390489
Bandar Imam Khomeini,4164.630810617315
Bandirma,1451.8341821191505
Bangkok,13981.672477077933
Banjarmasin,2941.144574307124
Banjul,3887.499190278916
Bar,984.9142559327665
Barcelona,36562.96616229062
Bari,841.6573003446669
Barranquilla,7109.961822535837
Basra,832.6661815984913
Bata,6140.240295665383
Batam,636.4001052595016
Batangas,10261.720608454949
Batumi,3202.705764343143
Beira,6193.302337686667
Beirut,27224.283322539744
Bejaia,4662.315611411079
Belfast,2641.3782302477775
Belize,1082.684646306985
Bell Bay,3623.0594197557325
Benete Bay,891.9706621257305
Benghazi,1410.9886502321363
Benoa,1435.6675274355696
Berbera,2045.7756228492133
Bergen,3308.1036317268477
Big Creek,5759.19068913478
Bilbao,3062.8164015910993
Bimini Island,121.34424145470524
Bintulu,7379.030560547693
Bissau,3254.707775690452
Bitung,1235.5644898960486
Bizerte,2179.1029170592014
Bluff,8238.289029356973
Boa Vista,800.6805664994382
Boca Chica,1078.0909254734756
Bodo,2331.517789142864
Boma,876.5569329998403
Bordeaux,994.7378133507933
Boston,23320.4036144614
Bremen,1966.2254858345298
Bremerhaven,39224.741944188194
Brest,4571.208857740733
Brevik,2314.886630909388
Bridgetown,2816.167015687977
Brisbane,22884.381354272282
Bristol,4227.071823407457
Broome,258.60624400133867
Buenaventura,31153.095990410256
Buenos Aires,29348.708004237393
Burgas,2964.364596598613
Busan,90934.80173524641
Bushehr,5552.203760040351
Butuan,268.79806997163246
Cabinda,879.488457903665
Cadiz,4149.503339200287
Cagayan De Oro,8546.033624865544
Cagliari,12722.484497712576
Cai Lan,8794.59332361189
Cai Mep,45745.294413725984
Calabar,529.0998012308287
Calcutta,2452.6648716499894
Callao,28431.27963944837
Cangzhou,6200.750034820173
Canical,994.7210606115437
Cap Haitien,1161.9330661056827
Cape Town,18036.63780208095
Cardiff,344.40396613966084
Cartagena (Col),24061.57818111027
Cartagena (Spain),2208.9369609640094
Casablanca,10557.179889084025
Castellon,13328.313215755938
Castries,2854.6404046874986
Cat Island,121.4354797418692
Catania,3513.1308660249174
Caucedo,24213.769546862102
Cebu,8332.313843182452
Chabahar,3263.069644342964
Chacabuco,1409.2723723632653
Changzhou,1426.397202497125
Charleston,34246.73480637386
Charlestown,1819.3847968640277
Chatham Islands,59.168135763039366
Chennai,17470.50677654634
Chiba,5761.890096613916
Chittagong,7466.540446782034
Chofu,783.1334841579502
Christmas Island,244.78083637221468
Chu Lai,1848.3552985040703
Chub Cay,121.40602996725931
Chuuk,1021.4467260121844
Civitavecchia,13319.125833211117
Coatzacoalcos,494.03931927520443
Cochin,17270.874763649597
Colombo,49254.31984506785
Colon,21322.022024310416
Conakry,5679.7493887326955
Conchillas,500.1408015511812
Constantza,13596.974289507549
Copenhagen,3318.5976001162394
Corinto,8523.454508348015
Cork,6318.662418009985
Cornerbrook,894.6942691515034
Coronel,20771.06984167925
Cotabato,2205.834427626033
Cotonou,18935.79826475977
Cristobal,20597.836253388356
Cua Lo,1562.7879334699055
Cuxhaven,1291.485549407413
Dachan Bay,26938.28537820277
Daesan,3852.5261331036727
Dafeng,571.0889824117612
Dakar,13284.419033293918
Dalian,36158.58735307862
Damietta,21147.603630884892
Dammam,25333.737053897996
Danang,10339.304232678682
Dandong,7543.855767986395
Dar es Salaam,9275.914128927066
Darwin,4057.976315796882
Davao,14313.911021153048
Degrad des Cannes,5046.308203672401
Dili,1133.405074937758
Dipolog,268.79635541129863
Djen Djen,1836.8123602581177
Djibouti,19834.78044435461
Doha,17136.830106591682
Dongguan,4525.41595887595
Douala,12018.725552753056
Dover,1775.1493132249616
Drammen,2403.404759933422
Dublin,5074.163596329753
Dudinka,2059.962403564082
Dumaguete,4519.705391771387
Dumaguit,2037.4456551235662
Dumai,2048.4332981901066
Dunkirk,29903.557850970017
Durban,20351.305182533313
Durres,1180.1837138531164
Dutch Harbor,9885.160590077148
East London,844.2504705865765
Ebeye,1008.5707081354406
Egersund,1639.947378628098
El Dekheila,843.0850442515391
El Guamache,632.324426309595
El Khoms,2058.6882124593826
El Rama,388.6250392529679
Emden,3211.979296393595
Ensenada,23702.884041753055
Esmeraldas,5735.1060117605175
Esperance,791.4992390226269
Everett (Seattle Area),5725.695538777325
Exuma Cays,121.4354864963874
Faial,1329.8436406422154
Fakaofo,220.6103067844212
Fall River,332.74252317324857
Famagusta,2214.4931658457454
Fangcheng,4413.888780235825
Felixstowe,46636.712822628586
Fernandina Beach,210.30599327671172
Figueira da Foz,565.2927413995777
Flores Island (Maumere - West Timor),1403.1850618509254
Floro,2326.2218943562602
Fort de France,5458.690892460026
Fortaleza,5097.484394225394
Fos,33797.24070846239
Fredericia,2396.7942547856937
Fredrikstad,2044.456556083778
Freeport (Bah),21204.79083101488
Freeport (US),4860.024529085898
Freetown,5680.403330239094
Fremantle,28740.89080624726
Fujairah,1484.6772597651889
Fukuyama,2364.666880630654
Funafuti,405.4914009155334
Fusa,640.6711056593836
Futuna,405.8262677572389
Fuzhou,20977.249906092853
Galveston,367.2500120645714
Gandia,1198.9057234128118
Gavle,2687.7682487306542
Gdansk,30224.073775679255
Gdynia,5171.654830219442
Gebze,12439.36952464747
Gemlik,12864.12565499326
Gen San,8130.613973980357
Genoa,32764.44039746414
Georgetown (Cay),764.7988840012026
Georgetown (Guy),2688.9123797612474
Ghazaouet,2176.4349878027765
Gibraltar,2598.228107876526
Gijon,1445.2909991551421
Gioia Tauro,32507.10194183638
Gjemnes,1989.2064128169902
Glomfjord,2328.5171023916064
Goa,3246.256479659358
Goteborg,23097.29310247307
Governor's Harbour,121.4261236224994
Grand Turk,1698.2098950897498
Grangemouth,3239.282037644987
Great Harbour Cay,121.4060187353529
Greenock,1703.979148246661
Grundartangi,2493.432905156361
Guam,4414.373429761291
Guangzhou,57483.54608879359
Guanta,580.1384778407158
Guantanamo,241.92123496330694
Guaranao,817.2130776649078
Guayaquil,17570.520491467265
Guaymas,755.7560053233874
Guernsey,140.4731014072397
Gulfport,4843.655558875554
Gunsan,1830.961645255201
Gustavia,1712.2631040614017
Gwadar,7413.91552709016
Hachinohe,4193.236346612733
Haifa,24281.904546792226
Haikou,1954.8594584592458
Haiphong,17369.31075345659
Hakata,13507.44390681197
Halden,204.39899774022368
Haldia,2451.9641853833928
Halifax,19334.992372772038
Halmstad,1315.506892262793
Hamburg,51492.71901365582
Hamilton,548.001407335379
Haminakotka,4766.613844842931
Harbour Island,121.393876219581
Harwich,1895.4782269579562
Haugesund,3306.1409974827684
Hazira,20731.703347256687
Helsingborg,2830.9299764202738
Helsinki,5257.817692648172
Hibikinada,1971.939963944017
Hiroshima,3886.6432961214687
Hitachi,1722.8347372880928
Hitachinaka,7032.382425287029
Ho Chi Minh City,27163.261355868708
Hobart,1882.4083162452423
Hodeidah,2899.488585905684
Hogset,2326.524866056997
Holla,1396.490260160951
Hong Kong,87434.39812540998
Honiara,4391.581343241775
Honolulu,5730.351474443401
Hososhima,4088.3727603584093
Houston,21015.58292903019
Huelva,1882.125876579455
Huizhou,3021.841671429631
Hull,2442.125023048216
Husavik,708.3324148703643
Husnes,2326.296591108235
Igarka,2059.9624035640813
Ilichevsk,9094.503166261065
Iligan,1486.2772017374725
Ilo,8933.923766030857
Iloilo,5740.103166072618
Imabari,300.1235913472611
Imari,2161.256323594404
Imbituba,22693.39359193297
Immingham,4359.221958777789
Inchon,23178.59162615788
Iquique,20239.525200640765
Iraklion,713.9533276214099
Isafjordur,708.6163129802915
Ishigaki,391.84823356731306
Ishikari,4018.1107464776287
Iskenderun,14232.965609585557
Isla de Santa Cruz,536.0172029448639
Istanbul,25566.30556219829
Itaguai,19207.443536747047
Itajai,24249.816861957333
Itapoa,21749.27730945393
Iwakuni,3086.9182107620036
Izmir,16908.466367680183
Jacksonville,21073.764324056152
Jakarta,34791.50067577
Jebel Ali,51595.28271992689
Jeddah,40447.77004510706
Jersey,140.47312619622195
Jiangyin,7693.632629590486
Jiaxing,7925.04605420465
Jinzhou,11582.17886721381
Jubail,18840.27253552654
Kaliningrad,1523.3466271734117
Kalundborg,2154.7893644795104
Kamaishi,1413.961477525542
Kanazawa,3723.625952231864
Kandalaksha,2053.764232728889
Kandla,6695.836848255238
Kangaamiut,1231.6169868653628
Kaohsiung,57895.805065408225
Karachi,20040.123727847596
Karachi-Port Muhammad Bin Qasim,25075.3812369678
Karlshamn,431.81024649567973
Kastelorizo,1433.9109044050704
Kattupalli,11662.279013865147
Kavieng,2047.9448638332642
Kawasaki,6860.576104552117
Keelung,28645.33471830749
Kemi,2094.48324289178
Kholmsk,386.58913832651564
Khor Fakkan,29099.744355516777
Khorramshahr,3381.2169997103865
Kimbe,3061.0518593314487
King Abdullah,33628.252231204875
Kingston,17234.896423184524
Kingstown,2607.78817051577
Kiritimati,220.90794901920896
Kish,255.31140246539567
Kismayo,3670.9282547011985
Klaipeda,5374.101613101154
Kobe,24912.698880679818
Kochi,1192.1112693691134
Kodiak,1405.7434660797023
Kokkola,1159.2654869427802
Kokura,2799.849140591829
Koper,23511.09822273441
Koror,2679.94559781667
Korsakov,981.8623533196715
Kosrae,1004.8362746312724
Kota Kinabalu,4564.616660888665
Krishnapatnam,9902.90616002286
Kristiansand,3566.775384973691
Kronshtadt,1847.09722752134
Kuantan,7075.533642052796
Kuching,3932.533480708902
Kupang,302.42183150609605
Kushiro,2929.0278352841383
Kvinesdal,1395.2398349101584
Kwajalein,1008.5707081354406
Kwangyang,43512.72802359591
La Guaira,3159.919764091822
La Pallice,646.2873337809449
La Romana,660.6901233918755
La Spezia,31746.76403997334
Labuan,1863.4528271168647
Lae,5597.367911199425
Laem Chabang,29880.32420888804
Lagos (Nigeria),18083.707106089743
Larvik,2114.276228922639
Las Palmas,17917.209276087713
Lattakia,5672.20045439104
Lautoka,4019.8007335235475
Lazaro Cardenas,33521.22199230029
Le Havre,47393.72991310982
Leixoes,7370.277990306112
Lianyungang,23384.487902674948
Libreville,7240.5459670576265
Lihir,1208.7532338779465
Limassol,9504.010196779094
Lirquen,25443.633318858116
Lisbon,12686.504626390708
Liverpool,8965.877426287498
Livorno,20505.688203565587
Lobito,9368.51436908277
Lome,17842.902318402677
London,31572.921916435116
Long Beach,26166.23748990552
Long Island,121.4354864963874
Longoni,4118.3959316031105
Longview,5714.127948520516
Los Angeles,29513.644269904693
Luanda,13711.696587583923
Lubeck,1389.2773195881757
Luderitz,1798.340650810045
Lyttelton,16015.051234493518
Maaloy,3308.7599482797264
Mackay,471.0063809544043
Madang,3223.5363625440195
Magadan,2464.5444028585034
Maizuru,2747.097291124171
Majunga,3205.6279927320525
Majuro,4036.5641367921653
Makassar,5003.302610201047
Malabo,6133.13831489614
Malaga,1008.7836953441233
Male,6763.595389893415
Malmo,2872.886716443245
Malongo,525.1580168010522
Manaus,8389.987202270277
Manchester,544.4981859779833
Mangalore,4006.7853792208116
Maniitsoq,1231.6169868653624
Manila,23765.153730028873
Mantyluoto,426.26281171016757
Manzanillo (Dom),872.9494398331848
Manzanillo (Mex),34179.70075155128
Manzanillo (Pan),26389.793515325087
Maputo,6611.74159872616
Mar Del Plata,2079.2937725349893
Maracaibo,733.051332634412
Mariel,5841.203449107702
Marin,6573.422845992728
Marsa El Brega,1803.233133289057
Marsaxlokk,35741.854470836195
Marsden Point,4538.503181668881
Marseille,9561.028558199285
Marsh Harbour,121.40303697987325
Masan,2845.8631307363084
Massawa,1752.0640373277915
Matadi,2710.725563119186
Matarani,4036.460299030342
Matsuyama,677.3003583391655
Mazatlan,4791.991088801167
Medan,5040.18595986917
Melbourne,29115.87540998929
Melilla,1315.7693116749192
Merak,850.0211894343905
Mersin,20535.960489730096
Mesaieed,3872.424923784449
Miami,20744.70499386122
Mindelo,3551.310983173899
Miri,2547.6195850859403
Mishima-Kawanoe,2632.127885197364
Misurata,2747.7938998204427
Miyako,391.61063143567145
Mizushima,3204.577985567952
Mo-i-Rana,2328.5129131287235
Moa,2863.5266507477822
Mobile,16792.089770360282
Moerdijk,3035.0583952619836
Mogadishu,5500.119341544749
Moji,8154.7125756088
Mokpo,1436.9247764627025
Mombasa,9651.633807786004
Mongla,2718.165647386924
Monrovia,4562.725632345174
Montego Bay,1220.3403261943956
Montevideo,28625.90281154617
Montoir,9745.625193880855
Montreal,8031.5774041425475
Morgan's Bluff,121.40602996725931
Moroni,1994.8601209417486
Mosjoen,2787.7852869429566
Moss,2338.423336068515
Mostaganem,2328.2917414164526
Mtwara,2949.7734301972305
Muara,3649.211514500785
Mukalla,1415.0696966312246
Mumbai,33625.945769681566
Mundra,31060.857202463394
Murmansk,2055.8532634035423
Muroran,1409.2907460534318
Mutsamudu,1990.1457863518983
Nacala,6372.6658205156455
Nador,747.6014677391794
Nagoya,22598.52786143661
Naha,10626.191469742054
Nakanoseki,1948.457908335516
Nakhodka,1246.580651691831
Namibe,7737.695305543351
Nanaimo,5735.419692059121
Nanjing,1617.2834971478073
Nanortalik,1231.5115419359572
Nantong,1381.3878122726899
Naoetsu,3439.076344350594
Napier,14773.397260262998
Naples,17690.33280743131
Narsaq,1231.5115419359572
Nassau,530.425424186726
Natal,6929.654896557334
Nauru,493.5293254376674
Navegantes,23807.74613571932
Nelson,11794.969791645364
New Orleans,17759.038343784523
NewYork-NewJersey,39010.069444927045
Newcastle,2826.1559596023744
Niigata,6594.790743352769
Ningbo-Zhoushan,127281.77908644649
Niue,1012.620136749815
Norfolk,37446.84796921159
Norfolk Island,432.8460305096759
Noro,1618.3308802906445
Norrkoping,3782.6791256292026
Nosy Be,1839.6130114229315
Nouadhibou,3793.4546252977725
Nouakchott,10478.14445998645
Noumea,8385.322928378782
Novorossisk,12602.546774185916
Nueva Palmira,235.08044764790878
Nuevitas,2883.481120769166
Nuku'alofa,3497.3788276863074
Nukunono,220.7720709180026
Nuuk,1231.6068103279536
Oakland,30225.53917123999
Odessa,14732.553376086358
Oita,2863.038269401772
Omaezaki,5716.898794960022
Onahama,4270.6018096826465
Onne,13346.46854449429
Oran,5021.451659270658
Oranjestad,4120.148816767823
Orkanger,2323.569619199706
Oro Bay,2277.877112665059
Osaka,25409.84476671443
Oslo,2287.3636807182656
Otaru,2669.207749741513
Oulu,2093.940397665243
Oxelosund,866.370035253624
Paamiut,1231.5503945688372
Padang,2052.9033683587827
Pago Pago,3374.2087753428896
Paita,10278.421654323536
Palembang,1518.455305419513
Palmeira,799.4550732516949
Palu,2201.9858746293876
Panama City,334.5008499794876
Panjang,4422.617100150225
Panjin,4735.027637725217
Papeete,6010.986509067413
Paramaribo,2143.9355661757672
Paranagua,27552.93289368323
Pasir Gudang,19803.591770456394
Pecem,13466.474004731124
Pekanbaru,2054.3272313287753
Pemba,554.7177843455607
Penang,18216.706819218365
Pevek,181.43007077013561
Philadelphia,16583.451930098767
Philipsburg,5130.595213329838
Pipavav,21836.849669909734
Piraeus,36473.948239628444
Pisco,3272.4303151207355
Pitea,1421.837296838985
Ploce,967.959688622247
Pohang,7614.24904072861
Pohnpei,1022.3776811339894
Point Lisas,3328.907463672409
Pointe Noire,15662.154326537493
Pointe a Pitre,5477.46874087538
Ponta Delgada,1328.9299191135378
Pontianak,818.5996850555056
Port Arthur,1251.9838254621243
Port Au Prince,3500.2321789478087
Port Canaveral,3993.5363542400974
Port Chalmers,12285.61910842768
Port Elizabeth,23188.31742401394
Port Everglades,15850.539738138188
Port Gentil,7129.002512653992
Port Harcourt,530.0143390660039
Port Hueneme,5811.328401947626
Port Kelang,58029.36731400037
Port Kembla,1881.3510884911084
Port Laffiteau,1796.048629535089
Port Louis,24219.456598111396
Port Manatee,2659.729918259446
Port Moresby,5881.150574653328
Port Rashid,718.1793631093527
Port Said,35338.804470922056
Port Sudan,11189.024282437538
Port Vendres,646.9783255926745
Port Victoria,5904.592861334187
Port Vila,4658.795238306143
Port of Spain,4902.574665880967
Portland (Maine),1386.8158340435875
Porto Alegre,1634.1279321859824
Porto Praia,3610.609989589994
Portsmouth,6415.485267268634
Poti,2056.9547919589113
Pozzallo,780.740709964614
Prince Rupert,26331.733530602593
Progreso,1784.37481525459
Prony,2628.956818768238
Providenciales,1234.9313906637642
Puerto Angamos,22448.828360640477
Puerto Baquerizo Moreno,536.0161155562807
Puerto Barrios,7424.353138283206
Puerto Bolivar (Col),1981.4044290433028
Puerto Bolivar (Ecu),8661.319602799791
Puerto Cabello,2850.0628439488028
Puerto Caldera,3976.4486056633577
Puerto Castilla,1300.3683942661546
Puerto Chiapas,2376.2962283603265
Puerto Cortes,7426.998094635141
Puerto Deseado,1677.6582805632863
Puerto Limon,11046.62077000816
Puerto Madryn,8005.669795596155
Puerto Montt,1408.6070418827903
Puerto Morelos,279.7102844641533
Puerto Ordaz,322.16103254033834
Puerto Plata,3080.679829980618
Puerto Princesa,2449.7668917369283
Puerto Quetzal,14888.969214928118
Puerto Sucre,322.09689212171105
Puerto del Rosario,1499.877382461741
Punta Arenas,1410.7298774388369
Pyongtaek,6097.086205661189
Qaqortok,1231.5115419359572
Qasigiannguit,1231.5115419359572
Qeshm Islands,255.30812378829674
Qingdao,74232.62870916151
Qinhuangdao,6859.135987450573
Qinzhou,14190.077188293193
Quanzhou,14523.604767429166
Quelimane,392.0051753677118
Qui Nhon,4440.482732870903
Rabaul,4451.583964490982
Radicatel,4183.519710541137
Rarotonga,1107.29208890077
Ras Lanuf,1806.6321219117492
Rauma,5785.162126146173
Ravenna,5791.500612294677
Reunion,21218.32734398825
Reydarfjordur,2658.64596068266
Reykjavik,3140.08206586135
Richards Bay,5421.680098799905
Riga,3400.4077818204055
Rijeka,23330.059667482976
Rio Grande,23614.25014284474
Rio Haina,5606.598611423154
Rio de Janeiro,18848.871990297594
Rizhao,11126.568254588825
Rorvik,1619.8054499322723
Rosario,2696.0389969328594
Roseau,2621.5798337828874
Rostov,268.06747747886783
Rotterdam,65974.16167288374
Rouen,3158.7510927202543
Roxas City,3334.8440959514132
Runavik,708.5958820139583
Ruwais,2706.7756569686385
Sagunto,5905.882702181392
Saint George,2703.3825916668134
Saipan,2484.8057407974816
Sakaiminato,2082.6107673552447
Sakaisenboku,3847.1850563198036
Sakata,4240.321461564857
Salalah,42045.05305923348
Salem,268.39321665334614
Salerno,11929.401287806206
Salten,2331.840002916748
Salvador,20753.628652622258
Samarinda,1406.6831443814176
Sampit,2787.313478450455
Samsun,1950.4041465024623
San Andres,266.7691063673719
San Antonio,21725.4802588141
San Antonio Este,1264.8188705152172
San Diego,2498.876794406797
San Juan de PR,4218.079207220157
San Lorenzo (Honduras),2104.1275597548806
San Pedro (Ivory Coast),13244.599053814476
San Vicente,19243.474723310712
Sandakan,778.7212103758638
Santa Cruz de Tenerife,5580.609802380081
Santa Marta,5684.561504035221
Santiago de Cuba,3086.0587867661116
Santo,3537.6570726725704
Santos,30715.49141558767
Sao Francisco do Sul,1632.9099445851966
Sao Tome,2052.879542475633
Sao Vicente,328.7677484599542
Satsumasendai,844.0948557429779
Sauda,1396.9320932511218
Savannah,38548.061143952174
Scrabster,722.4661683098882
Seattle,21916.593281229572
Semarang,12699.0038795655
Sendai,9021.20363595979
Sete,2197.683482622983
Setubal,3358.512852892363
Sevilla,1456.0688367356709
Sfax,1732.7937989469572
Shanghai,129651.39537589984
Shantou,14217.434007118243
Sharjah,8225.150052993553
Sheerness,1323.042699212403
Shenzhen,110975.62692726498
Shibushi,3277.7968392386097
Shidao,2518.8732539494276
Shimizu,14585.766589213452
Shimonoseki,3688.7866642378917
Shuaiba,8142.631447452462
Shuwaikh,6405.430316077975
Sibu,1966.4372867728664
Sihanoukville,8006.369186459543
Sillamae,2191.4232198471877
Sines,29089.11152446551
Singapore,108429.93931313968
Sisimiut,1231.6169868653624
Skikda,5008.687395045296
Slavyanka,19751.12625607709
Sodertalje,622.0463740321842
Sohar,16469.960308102633
Sokhna,23128.63738538456
Songkhla,2308.292011186769
Sousse,1141.8936300713106
Southampton,42145.066273673
Soyo,840.3014619237698
Spanish Wells,121.393876219581
Split,1270.174666675495
Sri Racha,3750.961701080628
St Anthony,1333.9272028207963
St Croix,1292.7020564780828
St Eustatius,1816.5979336396892
St John (NB),3731.470102596711
St Johns,1806.2500629878248
St Kitts,1035.4156120805233
St Petersburg,10439.945092692731
St Thomas,1830.127180811209
Stanley,259.89336424094716
Stavanger,3638.6635385001346
Stockholm,4189.676691796871
Stord,2326.6787866881955
Suape,15828.146266142054
Subic Bay,8560.895403272205
Sundsvall,1408.0278934101618
Surabaya,22434.156790656998
Suva,4362.028030774859
Swinoujscie,1365.1985979266453
Sydney,29545.014565915248
Szczecin,1606.715863395781
Tacloban,2730.999008837295
Tacoma,17870.43653018097
Taicang,5443.250452541847
Taichung,18912.28197347221
Taipei,32091.797156696888
Taizhou,7715.079486962197
Takamatsu,2485.2090160786647
Takoradi,7283.870920092307
Tallinn,3019.0875804895654
Tampa,4355.607994095772
Tananger,3150.2298168212596
Tanga,564.8095021629459
Tangier,39820.75507498892
Tangshan,8154.287145035666
Tanjung Pelepas,64283.32048716058
Tarakan,1404.5051712407897
Tarawa,3766.2599453436032
Tarragona,11384.717893090166
Tartous,996.1829463003903
Tasiusaq,1231.6068103279536
Tauranga,27620.989580496695
Tawau,778.7858418377884
Teesport,4642.649922028946
Tekirdag,15956.32293538238
Tema,17273.415588753614
Terneuzen,736.6024969244556
Thamesport,1630.0623860209334
Thessaloniki,7508.265752903373
Thorshavn,3307.311689463712
Tianjin,52893.87215381598
Timaru,10180.56352058399
Toamasina,8106.684809347923
Tobruk,812.7356102509992
Tokushima,3760.5728056412513
Tokuyama,2925.1758409544727
Tokyo,29346.06905788599
Tolagnaro,492.66529785611897
Tomakomai,7680.098791893149
Tornio,1332.0098266253904
Tortola,1058.4359200949564
Townsville,3371.659982812306
Toyama,4225.6126688529575
Toyohashi,3605.6873805836003
Trabzon,1490.4241168960189
Trieste,23374.74747147992
Tripoli (Lebanon),3360.230981134007
Tripoli (Libya),1456.870498920146
Tsuruga,3365.746585222824
Tulear,492.5983729188421
Tunis,3989.832187515165
Turbo,7759.305220589769
Tuticorin,5957.561234223933
Tuxpan,432.6003926191435
Ube,2136.1602841845097
Uddevalla,2398.1451863371844
Ulsan,19841.32731623536
Umea,1403.8604671680828
Umm Qasr,14159.885227097328
Ushuaia,2972.8219107281157
Ust Luga,3074.7819158770885
Vado Ligure,5406.471553061705
Valencia,39956.00367820902
Valparaiso,23032.75776332242
Vancouver,28502.886548386195
Varberg,1284.0827699580086
Varna,4917.118641666396
Vasteras,866.3700352536241
Vava'u,873.0963415406878
Velsen,902.4988800655643
Venice,11887.590293297722
Veracruz,18743.714517964923
Vestmannaeyjar,2040.4684733397678
Vieux Fort,1827.3551723661872
Vigo,6669.5829271980165
Vila do Conde,6514.369923796597
Villagarcia,1321.0286012533434
Visakhapatnam,10835.866684512297
Vitoria,6281.8739391936515
Vladivostok,11742.351696362419
Vlissingen,6956.25455121815
Vohemar,862.6528761572787
Volos,1606.0036758903723
Vostochny,8025.599261646199
Wakayama,1035.9821068943806
Wallis,405.87348226130916
Walvis Bay,13911.38354900217
Warrenpoint,2497.4772309290615
Waterford,2953.7161025088826
Weifang,1433.7862020294178
Weihai,2127.4288975259924
Wellington,15475.957027926852
Wenzhou,8698.179289180038
West Palm Beach,1241.3557583314719
Wewak,1827.5161098815463
Wilhelmshaven,39362.18138347606
Willemstad,4194.105612774456
Wilmington (Del),1501.093060183965
Wilmington (NC),16193.8212681548
Xiamen,60955.68825602246
Yamba,89.57449958074922
Yangon,5876.675574007658
Yangpu,2743.6582107910626
Yantai,11502.975118623042
Yap,2671.3621584071016
Yarimca,21955.16057844172
Yingkou,17850.15657406924
Yokkaichi,12556.218742054612
Yokohama,43686.391776051205
Yuzhny,8616.220116765937
Zamboanga,4063.267967258375
Zanzibar,3497.6749964683813
Zarate,3608.5749111526256
Zarubino,537.6868378195321
Zeebrugge,32284.72981702127
Zhangjiagang,1053.4872713154311
Zhangzhou,11160.871739813845
Zhanjiang,9444.496289188472
Zhuhai,4673.663702010786
